Workbook

Sheet 통합
BB1: (Updated) 2025-02-11
B2: 라오어 무한 매수법 | J2: 언이시트 | N2: 통합 v1.2
U3: (*중요*) 이 시트는 무한매수법 진행 과정에서 필요한 계산을 도와줄 목적으로 공유하는 것으로서, 종목 매수/매도를 추천하는 시트가 아님을 안내드립니다.
B5: 방법론 | D5: V1 | F5: https://cafe.naver.com/infinitebuying/1975 | U5: 진심으로 감사드립니다.
D6: V2 | F6: https://cafe.naver.com/infinitebuying/7398 | U6: 라오어님, 공간탐색자, 일신우일신, 긍정, 무파마, 진진진67, 경자원, 건강하고 아름다운 삶, 윌코이, 바바파파21, 낭만꿀벌, 나우리, 50세30억라오어짱, 라비에, 조용하게 살기, 플룻, 아름다운삶, 달과물, 쥰쥰, 전슬로, 노장황선홍, 경오일, bgsjdak, 콩나물, 아리차, 한신, 굿나잇, 일인지하만인지상, 핑크마카롱, 알로하, 킹배, 정국짱, 재우서맘, stumpandy, 로잔, 수아아빠요, YM, 유어리지, 유바라기0, 그린파파야향기, 원라이프, 연운채, 덩이둥이파, 도반, 슈미트2, 하은혜, 나는야워킹맘, 겨울의날개, 독립과자유, 지영마미, 지지탑, 메멘토모리, 짱뚱2, 주식부자Q, 앨스워드, 은퇴고고, 김도야 화성, 성가로이, 당연합죠, 스탠드업, 은퇴할껴, 하하이브, 호학심사, 럽지안, 어린왕자의 장미꽃, 타요, money Ae, wait38, 졍졍짱, 맑은샘소리, 나도한다, 우리존재화이팅, 우유비누, 또순멍멍, 무매법만세, 루틴, NAIL말고지금, 부링링, hwaddassa, 승재아빠, 모두의엄, 고요, 좋은씨앗, 미스타팍, 엠씨미니, 아이니스타, 뽀대, 말리꽃, 백전, 무쏘의뿔, 집짓는건축가, 샤모, 신건축사, 사자, sink28, 나나로로, chAii, 찐윤여사, 심상사성1, 멜킴, 마타리이, 나무꾼12, diplo, 큐사랑, 블랙스완(빈나나), 다가천, 욘욘, wish, 레비트라, HY, 리비온, 아하라, 아라코코, 해뜰, 혀니즈, 블라썸, 풀소유, 무매머쒼, 공간, 상선약수09, 테니스홀릭, impro, 굿나잇, 보담, 251, 찬이둥이맘, 마라샹궈, 벨린느, 날자, 날다람쥐, 보조개, kathy, 오크스멜, 쫑쫑마, 피츄, 제니 맘, 옥타비아, 소다미, 조향풍, 6학년무린이, 켐일렉, 호야파, Snaker, 벼리, 꼬꼬날개, 손만대면플러스, 잡다지식, 또록빛깔, 주띵공주, 사람22, 조아조아랑, 리드앤드링크, 해피스마일, 하라는대로만, 시리아이, 헤드핑, 얼룩쏘, Plokmz, ezmagic, Justina, 더블샷에스프레소, 빨간토마토마, 에세푸릴, 반성하자, 리플리, 시너지7, 두니봉이, 서울에, 트무, 아나킨843, 룡나우지뉴, 엄마는공부중, 토르, snow0, Blackcoat, 스마트개미, 하항, 한번해볼까, 김수경, 마냥, my0727, 겨울잠잠, 파파, 맹아줄기, 즐거운 배움, 푸른하늘66, 예주시해, 호키포키, 10월의마지막날, 좋은아침, 현재즐김777, 성우맘, 버즈, 트립, VIN VIN, 바다로다이빙, kalabaw, 긍정에너지, 주띵공주, TLP 올인, 당근당근v, 나나별, 무매봇, 마음부자, 엠지, 나나언니, 쭌군파더, 버기, 주띵공주, 단아다나, 그릇키우기, 개천절2021, 레이본, 재혁마이, 물방울, 페가술스, 초보투자01, 젖어들기, 쇠똔구리, 환환, 모모난나, 잘나가는 종신씨, 쥄, 언젠가, 아나킨843, 워킹맘이과장, 멋진재진, 오실로, 성우맘, 둘리아빠, 바그스2022, 마리주니, 랜드마크강, 알로하, grain, 밥밥이, 스카이워커, 마리주니, Kathy, 별이 보이는 다락방, 뮬리, 이름모를어느분, Ibu Mia, 워킹맘이과장, 늘보의 하루, 최고야, 애느, 백전, borabom, 10년후50억, 엠지, 스피넬, 품격있는부자, 꽃너미, 엠지, 워킹맘이과장, 호미337, 하얀수선화, 희망108, ul4, 사운드시티, 민트v, 위드라니, 지니PT, 무한수익자, 워킹맘이과장, 꽃너미, 스피넬, 다카라, 로하, 앵두나무, 민둥산거북이, 슈바빙, 그릇키우기, 헤드핑, 강수니, 로하, kusk1961, hereNnow, 한걸음, 바그스2022, 치우천황, 랜드마크강, 해피스마일, 독립과 자유, 봄바람42, 뽀또, 밤호박, 공간탐색자, 딱조아, 쿼드러플5, 젖어들기, 벚꽃휘날리며, borabom, chrishan25, 영심, 쭈니행복, 로하, 뇽민수, 호미337, 지혜와 용기, 파랑새1902, 진공묘유무위이화, 멘탈키우기, 엠지, 로하, 지구인ㅁ9203, 쥄, 사운드시티, 마냥, 방가워욧, 워킹맘이과장, Justina, 드래곤에그, 신건축사, 도사브로, 날마다 좋은, 졸꾸, 엠지, 낭만꿀벌, 엄마는공부중, 엠씨미니, 윤쥬킴, 장판집고양이, 의용증나7, 레드야앙, 워킹맘이과장, 젖어들기, 졸꾸, 반말하지마세요, 젖어들기, 흔한X트라, 엠지, 워킹맘이과장, 얼룩쏘, 젖어들기, 쥄, 뽀또, 로하, 가다오다서, 젖어들기, 엠지, 하얀수선화, 달토끼, 바그스2022, 벚꽃휘날리며, 젖어들기, 알로하, 젖어들기, 워킹맘이과장, 징기, 졸꾸
D7: V2.1 | F7: https://cafe.naver.com/infinitebuying/21554
D8: V2.2 | F8: https://cafe.naver.com/infinitebuying/48744
D9: V3.0 | F9: https://cafe.naver.com/infinitebuying/59826
B12: ★ 모든 시트 참조 ★
B13: 1. 파란색 계열 부분만 직접 입력하시면 됩니다. 2. 그 외 부분의 수정을 원하시면 경고문구가 나타났을 때, '확인'을 누르신 후 수정하시면 됩니다. 3. 매도 수수료 입력 후 %가 제대로 붙어있는지 확인 해주세요. 4. 사용 중 문제가 있을 시 댓글로 문의 바랍니다.
B23: <기본 1> 시드 현황 | P23: <추매 1> 시드 현황 | AD23: <V3&IBS_1> 시드 현황
B25: 원금 합계 | E25: ='기본1'!AV7 | I25: 평가금 | K25: ='기본1'!BB7 | P25: 원금 합계 | S25: ='추매1'!AV7 | W25: 평가금 | Y25: ='추매1'!BB7 | AD25: 원금 합계 | AG25: ='V3 1'!AY7 | AK25: 평가금 | AM25: ='V3 1'!BE7
I26: 손익 | K26: ='기본1'!BB8 | W26: 손익 | Y26: ='추매1'!BB8 | AK26: 손익 | AM26: ='V3 1'!BE8
B27: 매입 금액 | E27: ='기본1'!AV9 | I27: 수익률 | K27: ↔투입 | M27: ='기본1'!BD9 -> 0 | P27: 매입 금액 | S27: ='추매1'!AV9 | W27: 수익률 | Y27: ↔투입 | AA27: ='추매1'!BD9 -> 0 | AD27: 매입 금액 | AG27: ='V3 1'!AY9 | AK27: 수익률 | AM27: ↔투입 | AO27: ='V3 1'!BG9 -> 0
B28: 남은 원금 | E28: ='기본1'!AV10 | K28: =IFERROR(__xludf.DUMMYFUNCTION("'기본1'!BB10"),"") | P28: 남은 원금 | S28: ='추매1'!AV10 | Y28: =IFERROR(__xludf.DUMMYFUNCTION("'추매1'!BB10"),"") | AD28: 남은 원금 | AG28: ='V3 1'!AY10 | AM28: =IFERROR(__xludf.DUMMYFUNCTION("'V3 1'!BE10"),"") | AS28: 통합 시드 현황
B29: 소진율 | E29: ='기본1'!AV11 | P29: 소진율 | S29: ='추매1'!AV11 | AD29: 소진율 | AG29: ='V3 1'!AY11
B30: ='기본1'!AS12 | P30: ='추매1'!AS12 | AD30: ='V3 1'!AV12 | AS30: 원금 합계 | AV30: =IF(E25+E38+S25+S38+AG25+AG38=0,"",E25+E38+S25+S38+AG25+AG38) | AZ30: 평가금 | BB30: =IF(K25+K38+Y25+Y38+AM25+AM38=0,"",K25+K38+Y25+Y38+AM25+AM38)
B31: 1일 매입액 | E31: ='기본1'!AV13 -> 0 | K31: ↔원금 | M31: ='기본1'!BD13 -> 0 | P31: 1일 매입액 | S31: ='추매1'!AV13 -> 0 | Y31: ↔원금 | AA31: ='추매1'!BD13 -> 0 | AD31: 1일 매입액 | AG31: ='V3 1'!AY13 -> 0 | AM31: ↔원금 | AO31: ='V3 1'!BG13 -> 0 | AZ31: 손익 | BB31: =IF(K26+K39+Y26+Y39+AM26+AM39=0,"",K26+K39+Y26+Y39+AM26+AM39)
B32: 매도수수료 | E32: ='기본1'!AV14 -> 0.0002 | K32: =IFERROR(__xludf.DUMMYFUNCTION("'기본1'!BB14"),"") | P32: 매도수수료 | S32: ='추매1'!AV14 -> 0.0002 | Y32: =IFERROR(__xludf.DUMMYFUNCTION("'추매1'!BB14"),"") | AD32: 매도수수료 | AG32: ='V3 1'!AY14 -> 0.0002 | AM32: =IFERROR(__xludf.DUMMYFUNCTION("'V3 1'!BE14"),"") | AS32: 매입 금액 | AV32: =IF(E27+E40+S27+S40+AG27+AG40=0,"",E27+E40+S27+S40+AG27+AG40) | AZ32: 수익률 | BB32: ↔투입 | BD32: =IFERROR(BB31/AV32,0) -> 0
B33: 증액가능 | E33: ='기본1'!AV15 -> 0 | P33: 증액가능 | S33: ='추매1'!AV15 -> 0 | AS33: 남은 원금 | AV33: =IF(E28+E41+S28+S41+AG28+AG41=0,"",E28+E41+S28+S41+AG28+AG41) | BB33: =IFERROR(__xludf.DUMMYFUNCTION("IFERROR(SPARKLINE(BD32,{""charttype"", ""column"";""color"",""FF0000""; ""negcolor"", ""0000FF""; ""ymin"", -0.3 ; ""ymax"", +0.2 ;""axis"",true ; ""axiscolor"",""000000""}),"""")"),"")
AS34: 소진율 | AV34: =IF(AV33="","",AV32/AV30)
AS35: =IFERROR(__xludf.DUMMYFUNCTION("IFERROR(IF(AV34>=0.5,SPARKLINE(AV34,{""charttype"",""bar"";""max"",1;""color1"",""FFB400""}),SPARKLINE(AV34,{""charttype"",""bar"";""max"",1;""color1"",""80E12A""})),"""")"),"")
B36: <기본 2> 시드 현황 | P36: <추매 2> 시드 현황 | AD36: <V3&IBS_2> 시드 현황 | AS36: 1일 매입액 | AV36: =E31+E44+S31+S44+AG31+AG44 -> 0 | BB36: ↔원금 | BD36: =IFERROR(BB31/AV30,0) -> 0
BB37: =IFERROR(__xludf.DUMMYFUNCTION("IFERROR(SPARKLINE(BD36,{""charttype"", ""column"";""color"",""FF0000""; ""negcolor"", ""0000FF""; ""ymin"", -0.3 ; ""ymax"", +0.2 ;""axis"",true ; ""axiscolor"",""000000""}),"""")"),"")
B38: 원금 합계 | E38: ='기본2'!AV7 | I38: 평가금 | K38: ='기본2'!BB7 | P38: 원금 합계 | S38: ='추매2'!AV7 | W38: 평가금 | Y38: ='추매2'!BB7 | AD38: 원금 합계 | AG38: ='V3&IBS 2'!AY7 | AK38: 평가금 | AM38: ='V3&IBS 2'!BE7
I39: 손익 | K39: ='기본2'!BB8 | W39: 손익 | Y39: ='추매2'!BB8 | AK39: 손익 | AM39: ='V3&IBS 2'!BE8
B40: 매입 금액 | E40: ='기본2'!AV9 | I40: 수익률 | K40: ↔투입 | M40: ='기본2'!BD9 -> 0 | P40: 매입 금액 | S40: ='추매2'!AV9 | W40: 수익률 | Y40: ↔투입 | AA40: ='추매2'!BD9 -> 0 | AD40: 매입 금액 | AG40: ='V3&IBS 2'!AY9 | AK40: 수익률 | AM40: ↔투입 | AO40: ='V3&IBS 2'!BG9 -> 0
B41: 남은 원금 | E41: ='기본2'!AV10 | K41: =IFERROR(__xludf.DUMMYFUNCTION("'기본2'!BB10"),"") | P41: 남은 원금 | S41: ='추매2'!AV10 | Y41: =IFERROR(__xludf.DUMMYFUNCTION("'추매2'!BB10"),"") | AD41: 남은 원금 | AG41: ='V3&IBS 2'!AY10 | AM41: =IFERROR(__xludf.DUMMYFUNCTION("'V3&IBS 2'!BE10"),"")
B42: 소진율 | E42: ='기본2'!AV11 | P42: 소진율 | S42: ='추매2'!AV11 | AD42: 소진율 | AG42: ='V3&IBS 2'!AY11
B43: ='기본2'!AS12 | P43: ='추매2'!AS12 | AD43: ='V3&IBS 2'!AV12
B44: 1일 매입액 | E44: ='기본2'!AV13 -> 0 | K44: ↔원금 | M44: ='기본2'!BD13 -> 0 | P44: 1일 매입액 | S44: ='추매2'!AV13 -> 0 | Y44: ↔원금 | AA44: ='추매2'!BD13 -> 0 | AD44: 1일 매입액 | AG44: ='V3&IBS 2'!AY13 -> 0 | AM44: ↔원금 | AO44: ='V3&IBS 2'!BG13 -> 0
B45: 매도수수료 | E45: ='기본2'!AV14 -> 0.0002 | K45: =IFERROR(__xludf.DUMMYFUNCTION("'기본2'!BB14"),"") | P45: 매도수수료 | S45: ='추매2'!AV14 -> 0.0002 | Y45: =IFERROR(__xludf.DUMMYFUNCTION("'추매2'!BB14"),"") | AD45: 매도수수료 | AG45: ='V3&IBS 2'!AY14 -> 0.0002 | AM45: =IFERROR(__xludf.DUMMYFUNCTION("'V3&IBS 2'!BE14"),"")
B46: 증액가능 | E46: ='기본2'!AV15 -> 0 | P46: 증액가능 | S46: ='추매2'!AV15 -> 0
B50: 종목 DATA | AC50: 최소원금 계산기 | AI50: 분할 수
C51: Ticker | E51: 현재가 | H51: 추세(10) | K51: 전일대비 | N51: 등락률 | Q51: 기준RSI | S51: RSI | U51: 차이 | W51: 괴리율 | Y51: 진입 | AA51: ※ LOC | AC51: 1회 | AE51: 필요 원금 | AI51: 40
B52: 1 | C52: SOXL | E52: =IFERROR(__xludf.DUMMYFUNCTION("IFERROR(GOOGLEFINANCE(C52,""price""),INDEX(importhtml(""https://finviz.com/screener.ashx?v=170&t=""&C52&""&ar=180"",""table"",12),2,11))"),136.81) -> 136.81 | H52: =IFERROR(__xludf.DUMMYFUNCTION("IF($H$51=""추세(20)"",IFERROR(SPARKLINE(GOOGLEFINANCE(C52,""price"",TODAY()-26,TODAY(),1)),""Updating..""),IFERROR(SPARKLINE(GOOGLEFINANCE(C52,""price"",TODAY()-12,TODAY(),1)),""Updating..""))"),"") | K52: =IFERROR(__xludf.DUMMYFUNCTION("IFERROR(GOOGLEFINANCE(C52,""change""),"""")"),1.34) -> 1.34 | N52: =IFERROR(__xludf.DUMMYFUNCTION("IFERROR(GOOGLEFINANCE(C52,""changepct"")/100,"""")"),0.009899999999999999) -> 0.0099 | Q52: 65 | S52: =IFERROR(__xludf.DUMMYFUNCTION("IFERROR(INDEX(importhtml(""https://finviz.com/screener.ashx?v=170&t=""&C52&""&ar=180"",""table"",12),2,10),""Load.."")"),39.65) -> 39.65 | U52: =IFERROR(Q52-S52,"Load..") -> 25.35 | W52: =IFERROR(U52/Q52,"Load..") -> 0.39 | Y52: =IF(S52="Loading","Loading",IF(Q52>S52,"YES","NO")) -> YES | AC52: 2 | AE52: =IF(AC52="","",E52*1.15*AC52*$AI$51) -> 12586.52
B53: 2 | C53: BULZ | E53: =IFERROR(__xludf.DUMMYFUNCTION("IFERROR(GOOGLEFINANCE(C53,""price""),INDEX(importhtml(""https://finviz.com/screener.ashx?v=170&t=""&C53&""&ar=180"",""table"",12),2,11))"),32.67) -> 32.67 | H53: =IFERROR(__xludf.DUMMYFUNCTION("IF($H$51=""추세(20)"",IFERROR(SPARKLINE(GOOGLEFINANCE(C53,""price"",TODAY()-26,TODAY(),1)),""Updating..""),IFERROR(SPARKLINE(GOOGLEFINANCE(C53,""price"",TODAY()-12,TODAY(),1)),""Updating..""))"),"") | K53: =IFERROR(__xludf.DUMMYFUNCTION("IFERROR(GOOGLEFINANCE(C53,""change""),"""")"),0.37) -> 0.37 | N53: =IFERROR(__xludf.DUMMYFUNCTION("IFERROR(GOOGLEFINANCE(C53,""changepct"")/100,"""")"),0.0115) -> 0.0115 | Q53: 65 | S53: =IFERROR(__xludf.DUMMYFUNCTION("IFERROR(INDEX(importhtml(""https://finviz.com/screener.ashx?v=170&t=""&C53&""&ar=180"",""table"",12),2,10),""Load.."")"),39.48) -> 39.48 | U53: =IFERROR(Q53-S53,"Load..") -> 25.52 | W53: =IFERROR(U53/Q53,"Load..") -> 0.39261538 | Y53: =IF(S53="Loading","Loading",IF(Q53>S53,"YES","NO")) -> YES | AC53: 2 | AE53: =IF(AC53="","",E53*1.15*AC53*$AI$51) -> 3005.64
B54: 3 | C54: TQQQ | E54: =IFERROR(__xludf.DUMMYFUNCTION("IFERROR(GOOGLEFINANCE(C54,""price""),INDEX(importhtml(""https://finviz.com/screener.ashx?v=170&t=""&C54&""&ar=180"",""table"",12),2,11))"),67.65) -> 67.65 | H54: =IFERROR(__xludf.DUMMYFUNCTION("IF($H$51=""추세(20)"",IFERROR(SPARKLINE(GOOGLEFINANCE(C54,""price"",TODAY()-26,TODAY(),1)),""Updating..""),IFERROR(SPARKLINE(GOOGLEFINANCE(C54,""price"",TODAY()-12,TODAY(),1)),""Updating..""))"),"") | K54: =IFERROR(__xludf.DUMMYFUNCTION("IFERROR(GOOGLEFINANCE(C54,""change""),"""")"),0.12) -> 0.12 | N54: =IFERROR(__xludf.DUMMYFUNCTION("IFERROR(GOOGLEFINANCE(C54,""changepct"")/100,"""")"),0.0018) -> 0.0018 | Q54: 60 | S54: =IFERROR(__xludf.DUMMYFUNCTION("IFERROR(INDEX(importhtml(""https://finviz.com/screener.ashx?v=170&t=""&C54&""&ar=180"",""table"",12),2,10),""Load.."")"),40.95) -> 40.95 | U54: =IFERROR(Q54-S54,"Load..") -> 19.05 | W54: =IFERROR(U54/Q54,"Load..") -> 0.3175 | Y54: =IF(S54="Loading","Loading",IF(Q54>S54,"YES","NO")) -> YES | AC54: 2 | AE54: =IF(AC54="","",E54*1.15*AC54*$AI$51) -> 6223.8
B55: 4 | C55: TECL | E55: =IFERROR(__xludf.DUMMYFUNCTION("IFERROR(GOOGLEFINANCE(C55,""price""),INDEX(importhtml(""https://finviz.com/screener.ashx?v=170&t=""&C55&""&ar=180"",""table"",12),2,11))"),177.86) -> 177.86 | H55: =IFERROR(__xludf.DUMMYFUNCTION("IF($H$51=""추세(20)"",IFERROR(SPARKLINE(GOOGLEFINANCE(C55,""price"",TODAY()-26,TODAY(),1)),""Updating..""),IFERROR(SPARKLINE(GOOGLEFINANCE(C55,""price"",TODAY()-12,TODAY(),1)),""Updating..""))"),"") | K55: =IFERROR(__xludf.DUMMYFUNCTION("IFERROR(GOOGLEFINANCE(C55,""change""),"""")"),0.21) -> 0.21 | N55: =IFERROR(__xludf.DUMMYFUNCTION("IFERROR(GOOGLEFINANCE(C55,""changepct"")/100,"""")"),0.0012) -> 0.0012 | Q55: 60 | S55: =IFERROR(__xludf.DUMMYFUNCTION("IFERROR(INDEX(importhtml(""https://finviz.com/screener.ashx?v=170&t=""&C55&""&ar=180"",""table"",12),2,10),""Load.."")"),41.24) -> 41.24 | U55: =IFERROR(Q55-S55,"Load..") -> 18.76 | W55: =IFERROR(U55/Q55,"Load..") -> 0.31266667 | Y55: =IF(S55="Loading","Loading",IF(Q55>S55,"YES","NO")) -> YES | AC55: 2 | AE55: =IF(AC55="","",E55*1.15*AC55*$AI$51) -> 16363.12
B56: 5 | C56: WEBL | E56: =IFERROR(__xludf.DUMMYFUNCTION("IFERROR(GOOGLEFINANCE(C56,""price""),INDEX(importhtml(""https://finviz.com/screener.ashx?v=170&t=""&C56&""&ar=180"",""table"",12),2,11))"),24.37) -> 24.37 | H56: =IFERROR(__xludf.DUMMYFUNCTION("IF($H$51=""추세(20)"",IFERROR(SPARKLINE(GOOGLEFINANCE(C56,""price"",TODAY()-26,TODAY(),1)),""Updating..""),IFERROR(SPARKLINE(GOOGLEFINANCE(C56,""price"",TODAY()-12,TODAY(),1)),""Updating..""))"),"") | K56: =IFERROR(__xludf.DUMMYFUNCTION("IFERROR(GOOGLEFINANCE(C56,""change""),"""")"),0.16) -> 0.16 | N56: =IFERROR(__xludf.DUMMYFUNCTION("IFERROR(GOOGLEFINANCE(C56,""changepct"")/100,"""")"),0.0066) -> 0.0066 | Q56: 60 | S56: =IFERROR(__xludf.DUMMYFUNCTION("IFERROR(INDEX(importhtml(""https://finviz.com/screener.ashx?v=170&t=""&C56&""&ar=180"",""table"",12),2,10),""Load.."")"),49.15) -> 49.15 | U56: =IFERROR(Q56-S56,"Load..") -> 10.85 | W56: =IFERROR(U56/Q56,"Load..") -> 0.18083333 | Y56: =IF(S56="Loading","Loading",IF(Q56>S56,"YES","NO")) -> YES | AA56: ※ | AC56: 2 | AE56: =IF(AC56="","",E56*1.15*AC56*$AI$51) -> 2242.04
B57: 6 | C57: UPRO | E57: =IFERROR(__xludf.DUMMYFUNCTION("IFERROR(GOOGLEFINANCE(C57,""price""),INDEX(importhtml(""https://finviz.com/screener.ashx?v=170&t=""&C57&""&ar=180"",""table"",12),2,11))"),138.47) -> 138.47 | H57: =IFERROR(__xludf.DUMMYFUNCTION("IF($H$51=""추세(20)"",IFERROR(SPARKLINE(GOOGLEFINANCE(C57,""price"",TODAY()-26,TODAY(),1)),""Updating..""),IFERROR(SPARKLINE(GOOGLEFINANCE(C57,""price"",TODAY()-12,TODAY(),1)),""Updating..""))"),"") | K57: =IFERROR(__xludf.DUMMYFUNCTION("IFERROR(GOOGLEFINANCE(C57,""change""),"""")"),-0.58) -> -0.58 | N57: =IFERROR(__xludf.DUMMYFUNCTION("IFERROR(GOOGLEFINANCE(C57,""changepct"")/100,"""")"),-0.0042) -> -0.0042 | Q57: 55 | S57: =IFERROR(__xludf.DUMMYFUNCTION("IFERROR(INDEX(importhtml(""https://finviz.com/screener.ashx?v=170&t=""&C57&""&ar=180"",""table"",12),2,10),""Load.."")"),46.19) -> 46.19 | U57: =IFERROR(Q57-S57,"Load..") -> 8.81 | W57: =IFERROR(U57/Q57,"Load..") -> 0.16018182 | Y57: =IF(S57="Loading","Loading",IF(Q57>S57,"YES","NO")) -> YES | AC57: 2 | AE57: =IF(AC57="","",E57*1.15*AC57*$AI$51) -> 12739.24
B58: 7 | C58: FNGU | E58: =IFERROR(__xludf.DUMMYFUNCTION("IFERROR(GOOGLEFINANCE(C58,""price""),INDEX(importhtml(""https://finviz.com/screener.ashx?v=170&t=""&C58&""&ar=180"",""table"",12),2,11))"),27.05) -> 27.05 | H58: =IFERROR(__xludf.DUMMYFUNCTION("IF($H$51=""추세(20)"",IFERROR(SPARKLINE(GOOGLEFINANCE(C58,""price"",TODAY()-26,TODAY(),1)),""Updating..""),IFERROR(SPARKLINE(GOOGLEFINANCE(C58,""price"",TODAY()-12,TODAY(),1)),""Updating..""))"),"") | K58: =IFERROR(__xludf.DUMMYFUNCTION("IFERROR(GOOGLEFINANCE(C58,""change""),"""")"),0.51) -> 0.51 | N58: =IFERROR(__xludf.DUMMYFUNCTION("IFERROR(GOOGLEFINANCE(C58,""changepct"")/100,"""")"),0.0192) -> 0.0192 | Q58: 55 | S58: =IFERROR(__xludf.DUMMYFUNCTION("IFERROR(INDEX(importhtml(""https://finviz.com/screener.ashx?v=170&t=""&C58&""&ar=180"",""table"",12),2,10),""Load.."")"),47.97) -> 47.97 | U58: =IFERROR(Q58-S58,"Load..") -> 7.03 | W58: =IFERROR(U58/Q58,"Load..") -> 0.12781818 | Y58: =IF(S58="Loading","Loading",IF(Q58>S58,"YES","NO")) -> YES | AC58: 2 | AE58: =IF(AC58="","",E58*1.15*AC58*$AI$51) -> 2488.6
B59: 8 | C59: HIBL | E59: =IFERROR(__xludf.DUMMYFUNCTION("IFERROR(GOOGLEFINANCE(C59,""price""),INDEX(importhtml(""https://finviz.com/screener.ashx?v=170&t=""&C59&""&ar=180"",""table"",12),2,11))"),94.92) -> 94.92 | H59: =IFERROR(__xludf.DUMMYFUNCTION("IF($H$51=""추세(20)"",IFERROR(SPARKLINE(GOOGLEFINANCE(C59,""price"",TODAY()-26,TODAY(),1)),""Updating..""),IFERROR(SPARKLINE(GOOGLEFINANCE(C59,""price"",TODAY()-12,TODAY(),1)),""Updating..""))"),"") | K59: =IFERROR(__xludf.DUMMYFUNCTION("IFERROR(GOOGLEFINANCE(C59,""change""),"""")"),-1.83) -> -1.83 | N59: =IFERROR(__xludf.DUMMYFUNCTION("IFERROR(GOOGLEFINANCE(C59,""changepct"")/100,"""")"),-0.0189) -> -0.0189 | Q59: 55 | S59: =IFERROR(__xludf.DUMMYFUNCTION("IFERROR(INDEX(importhtml(""https://finviz.com/screener.ashx?v=170&t=""&C59&""&ar=180"",""table"",12),2,10),""Load.."")"),39.28) -> 39.28 | U59: =IFERROR(Q59-S59,"Load..") -> 15.72 | W59: =IFERROR(U59/Q59,"Load..") -> 0.28581818 | Y59: =IF(S59="Loading","Loading",IF(Q59>S59,"YES","NO")) -> YES | AA59: ※ | AC59: 2 | AE59: =IF(AC59="","",E59*1.15*AC59*$AI$51) -> 8732.64
B60: 9 | C60: WANT | E60: =IFERROR(__xludf.DUMMYFUNCTION("IFERROR(GOOGLEFINANCE(C60,""price""),INDEX(importhtml(""https://finviz.com/screener.ashx?v=170&t=""&C60&""&ar=180"",""table"",12),2,11))"),39.87) -> 39.87 | H60: =IFERROR(__xludf.DUMMYFUNCTION("IF($H$51=""추세(20)"",IFERROR(SPARKLINE(GOOGLEFINANCE(C60,""price"",TODAY()-26,TODAY(),1)),""Updating..""),IFERROR(SPARKLINE(GOOGLEFINANCE(C60,""price"",TODAY()-12,TODAY(),1)),""Updating..""))"),"") | K60: =IFERROR(__xludf.DUMMYFUNCTION("IFERROR(GOOGLEFINANCE(C60,""change""),"""")"),-0.68) -> -0.68 | N60: =IFERROR(__xludf.DUMMYFUNCTION("IFERROR(GOOGLEFINANCE(C60,""changepct"")/100,"""")"),-0.0168) -> -0.0168 | Q60: 55 | S60: =IFERROR(__xludf.DUMMYFUNCTION("IFERROR(INDEX(importhtml(""https://finviz.com/screener.ashx?v=170&t=""&C60&""&ar=180"",""table"",12),2,10),""Load.."")"),42.68) -> 42.68 | U60: =IFERROR(Q60-S60,"Load..") -> 12.32 | W60: =IFERROR(U60/Q60,"Load..") -> 0.224 | Y60: =IF(S60="Loading","Loading",IF(Q60>S60,"YES","NO")) -> YES | AA60: ※ | AC60: 2 | AE60: =IF(AC60="","",E60*1.15*AC60*$AI$51) -> 3668.04
B61: 10 | C61: TNA | E61: =IFERROR(__xludf.DUMMYFUNCTION("IFERROR(GOOGLEFINANCE(C61,""price""),INDEX(importhtml(""https://finviz.com/screener.ashx?v=170&t=""&C61&""&ar=180"",""table"",12),2,11))"),68.76) -> 68.76 | H61: =IFERROR(__xludf.DUMMYFUNCTION("IF($H$51=""추세(20)"",IFERROR(SPARKLINE(GOOGLEFINANCE(C61,""price"",TODAY()-26,TODAY(),1)),""Updating..""),IFERROR(SPARKLINE(GOOGLEFINANCE(C61,""price"",TODAY()-12,TODAY(),1)),""Updating..""))"),"") | K61: =IFERROR(__xludf.DUMMYFUNCTION("IFERROR(GOOGLEFINANCE(C61,""change""),"""")"),-1.26) -> -1.26 | N61: =IFERROR(__xludf.DUMMYFUNCTION("IFERROR(GOOGLEFINANCE(C61,""changepct"")/100,"""")"),-0.018000000000000002) -> -0.018 | Q61: 50 | S61: =IFERROR(__xludf.DUMMYFUNCTION("IFERROR(INDEX(importhtml(""https://finviz.com/screener.ashx?v=170&t=""&C61&""&ar=180"",""table"",12),2,10),""Load.."")"),46.01) -> 46.01 | U61: =IFERROR(Q61-S61,"Load..") -> 3.99 | W61: =IFERROR(U61/Q61,"Load..") -> 0.0798 | Y61: =IF(S61="Loading","Loading",IF(Q61>S61,"YES","NO")) -> YES | AC61: 2 | AE61: =IF(AC61="","",E61*1.15*AC61*$AI$51) -> 6325.92
B62: 11 | C62: NAIL | E62: =IFERROR(__xludf.DUMMYFUNCTION("IFERROR(GOOGLEFINANCE(C62,""price""),INDEX(importhtml(""https://finviz.com/screener.ashx?v=170&t=""&C62&""&ar=180"",""table"",12),2,11))"),38.8) -> 38.8 | H62: =IFERROR(__xludf.DUMMYFUNCTION("IF($H$51=""추세(20)"",IFERROR(SPARKLINE(GOOGLEFINANCE(C62,""price"",TODAY()-26,TODAY(),1)),""Updating..""),IFERROR(SPARKLINE(GOOGLEFINANCE(C62,""price"",TODAY()-12,TODAY(),1)),""Updating..""))"),"") | K62: =IFERROR(__xludf.DUMMYFUNCTION("IFERROR(GOOGLEFINANCE(C62,""change""),"""")"),-2.46) -> -2.46 | N62: =IFERROR(__xludf.DUMMYFUNCTION("IFERROR(GOOGLEFINANCE(C62,""changepct"")/100,"""")"),-0.0596) -> -0.0596 | Q62: 50 | S62: =IFERROR(__xludf.DUMMYFUNCTION("IFERROR(INDEX(importhtml(""https://finviz.com/screener.ashx?v=170&t=""&C62&""&ar=180"",""table"",12),2,10),""Load.."")"),41.93) -> 41.93 | U62: =IFERROR(Q62-S62,"Load..") -> 8.07 | W62: =IFERROR(U62/Q62,"Load..") -> 0.1614 | Y62: =IF(S62="Loading","Loading",IF(Q62>S62,"YES","NO")) -> YES | AA62: ※ | AC62: 2 | AE62: =IF(AC62="","",E62*1.15*AC62*$AI$51) -> 3569.6
B63: 12 | C63: RETL | E63: =IFERROR(__xludf.DUMMYFUNCTION("IFERROR(GOOGLEFINANCE(C63,""price""),INDEX(importhtml(""https://finviz.com/screener.ashx?v=170&t=""&C63&""&ar=180"",""table"",12),2,11))"),9.36) -> 9.36 | H63: =IFERROR(__xludf.DUMMYFUNCTION("IF($H$51=""추세(20)"",IFERROR(SPARKLINE(GOOGLEFINANCE(C63,""price"",TODAY()-26,TODAY(),1)),""Updating..""),IFERROR(SPARKLINE(GOOGLEFINANCE(C63,""price"",TODAY()-12,TODAY(),1)),""Updating..""))"),"") | K63: =IFERROR(__xludf.DUMMYFUNCTION("IFERROR(GOOGLEFINANCE(C63,""change""),"""")"),-0.17) -> -0.17 | N63: =IFERROR(__xludf.DUMMYFUNCTION("IFERROR(GOOGLEFINANCE(C63,""changepct"")/100,"""")"),-0.0178) -> -0.0178 | Q63: 50 | S63: =IFERROR(__xludf.DUMMYFUNCTION("IFERROR(INDEX(importhtml(""https://finviz.com/screener.ashx?v=170&t=""&C63&""&ar=180"",""table"",12),2,10),""Load.."")"),56.1) -> 56.1 | U63: =IFERROR(Q63-S63,"Load..") -> -6.1 | W63: =IFERROR(U63/Q63,"Load..") -> -0.122 | Y63: =IF(S63="Loading","Loading",IF(Q63>S63,"YES","NO")) -> NO | AA63: ※ | AC63: 2 | AE63: =IF(AC63="","",E63*1.15*AC63*$AI$51) -> 861.12
B64: 13 | C64: UDOW | E64: =IFERROR(__xludf.DUMMYFUNCTION("IFERROR(GOOGLEFINANCE(C64,""price""),INDEX(importhtml(""https://finviz.com/screener.ashx?v=170&t=""&C64&""&ar=180"",""table"",12),2,11))"),67.98) -> 67.98 | H64: =IFERROR(__xludf.DUMMYFUNCTION("IF($H$51=""추세(20)"",IFERROR(SPARKLINE(GOOGLEFINANCE(C64,""price"",TODAY()-26,TODAY(),1)),""Updating..""),IFERROR(SPARKLINE(GOOGLEFINANCE(C64,""price"",TODAY()-12,TODAY(),1)),""Updating..""))"),"") | K64: =IFERROR(__xludf.DUMMYFUNCTION("IFERROR(GOOGLEFINANCE(C64,""change""),"""")"),-1.2) -> -1.2 | N64: =IFERROR(__xludf.DUMMYFUNCTION("IFERROR(GOOGLEFINANCE(C64,""changepct"")/100,"""")"),-0.0173) -> -0.0173 | Q64: 50 | S64: =IFERROR(__xludf.DUMMYFUNCTION("IFERROR(INDEX(importhtml(""https://finviz.com/screener.ashx?v=170&t=""&C64&""&ar=180"",""table"",12),2,10),""Load.."")"),46.17) -> 46.17 | U64: =IFERROR(Q64-S64,"Load..") -> 3.83 | W64: =IFERROR(U64/Q64,"Load..") -> 0.0766 | Y64: =IF(S64="Loading","Loading",IF(Q64>S64,"YES","NO")) -> YES | AC64: 2 | AE64: =IF(AC64="","",E64*1.15*AC64*$AI$51) -> 6254.16
B65: 14 | C65: LABU | E65: =IFERROR(__xludf.DUMMYFUNCTION("IFERROR(GOOGLEFINANCE(C65,""price""),INDEX(importhtml(""https://finviz.com/screener.ashx?v=170&t=""&C65&""&ar=180"",""table"",12),2,11))"),249.1) -> 249.1 | H65: =IFERROR(__xludf.DUMMYFUNCTION("IF($H$51=""추세(20)"",IFERROR(SPARKLINE(GOOGLEFINANCE(C65,""price"",TODAY()-26,TODAY(),1)),""Updating..""),IFERROR(SPARKLINE(GOOGLEFINANCE(C65,""price"",TODAY()-12,TODAY(),1)),""Updating..""))"),"") | K65: =IFERROR(__xludf.DUMMYFUNCTION("IFERROR(GOOGLEFINANCE(C65,""change""),"""")"),-16.46) -> -16.46 | N65: =IFERROR(__xludf.DUMMYFUNCTION("IFERROR(GOOGLEFINANCE(C65,""changepct"")/100,"""")"),-0.062) -> -0.062 | Q65: 45 | S65: =IFERROR(__xludf.DUMMYFUNCTION("IFERROR(INDEX(importhtml(""https://finviz.com/screener.ashx?v=170&t=""&C65&""&ar=180"",""table"",12),2,10),""Load.."")"),47.55) -> 47.55 | U65: =IFERROR(Q65-S65,"Load..") -> -2.55 | W65: =IFERROR(U65/Q65,"Load..") -> -0.056666667 | Y65: =IF(S65="Loading","Loading",IF(Q65>S65,"YES","NO")) -> NO | AC65: 2 | AE65: =IF(AC65="","",E65*1.15*AC65*$AI$51) -> 22917.2
B66: 15 | C66: PILL | E66: =IFERROR(__xludf.DUMMYFUNCTION("IFERROR(GOOGLEFINANCE(C66,""price""),INDEX(importhtml(""https://finviz.com/screener.ashx?v=170&t=""&C66&""&ar=180"",""table"",12),2,11))"),18.06) -> 18.06 | H66: =IFERROR(__xludf.DUMMYFUNCTION("IF($H$51=""추세(20)"",IFERROR(SPARKLINE(GOOGLEFINANCE(C66,""price"",TODAY()-26,TODAY(),1)),""Updating..""),IFERROR(SPARKLINE(GOOGLEFINANCE(C66,""price"",TODAY()-12,TODAY(),1)),""Updating..""))"),"") | K66: =IFERROR(__xludf.DUMMYFUNCTION("IFERROR(GOOGLEFINANCE(C66,""change""),"""")"),-1.42) -> -1.42 | N66: =IFERROR(__xludf.DUMMYFUNCTION("IFERROR(GOOGLEFINANCE(C66,""changepct"")/100,"""")"),-0.0729) -> -0.0729 | Q66: 45 | S66: =IFERROR(__xludf.DUMMYFUNCTION("IFERROR(INDEX(importhtml(""https://finviz.com/screener.ashx?v=170&t=""&C66&""&ar=180"",""table"",12),2,10),""Load.."")"),54.48) -> 54.48 | U66: =IFERROR(Q66-S66,"Load..") -> -9.48 | W66: =IFERROR(U66/Q66,"Load..") -> -0.21066667 | Y66: =IF(S66="Loading","Loading",IF(Q66>S66,"YES","NO")) -> NO | AA66: ※ | AC66: 2 | AE66: =IF(AC66="","",E66*1.15*AC66*$AI$51) -> 1661.52
B67: 16 | C67: CURE | E67: =IFERROR(__xludf.DUMMYFUNCTION("IFERROR(GOOGLEFINANCE(C67,""price""),INDEX(importhtml(""https://finviz.com/screener.ashx?v=170&t=""&C67&""&ar=180"",""table"",12),2,11))"),112.06) -> 112.06 | H67: =IFERROR(__xludf.DUMMYFUNCTION("IF($H$51=""추세(20)"",IFERROR(SPARKLINE(GOOGLEFINANCE(C67,""price"",TODAY()-26,TODAY(),1)),""Updating..""),IFERROR(SPARKLINE(GOOGLEFINANCE(C67,""price"",TODAY()-12,TODAY(),1)),""Updating..""))"),"") | K67: =IFERROR(__xludf.DUMMYFUNCTION("IFERROR(GOOGLEFINANCE(C67,""change""),"""")"),-3.97) -> -3.97 | N67: =IFERROR(__xludf.DUMMYFUNCTION("IFERROR(GOOGLEFINANCE(C67,""changepct"")/100,"""")"),-0.0342) -> -0.0342 | Q67: 45 | S67: =IFERROR(__xludf.DUMMYFUNCTION("IFERROR(INDEX(importhtml(""https://finviz.com/screener.ashx?v=170&t=""&C67&""&ar=180"",""table"",12),2,10),""Load.."")"),51.95) -> 51.95 | U67: =IFERROR(Q67-S67,"Load..") -> -6.95 | W67: =IFERROR(U67/Q67,"Load..") -> -0.15444444 | Y67: =IF(S67="Loading","Loading",IF(Q67>S67,"YES","NO")) -> NO | AA67: ※ | AC67: 2 | AE67: =IF(AC67="","",E67*1.15*AC67*$AI$51) -> 10309.52
B68: 17 | C68: MIDU | E68: =IFERROR(__xludf.DUMMYFUNCTION("IFERROR(GOOGLEFINANCE(C68,""price""),INDEX(importhtml(""https://finviz.com/screener.ashx?v=170&t=""&C68&""&ar=180"",""table"",12),2,11))"),68.03) -> 68.03 | H68: =IFERROR(__xludf.DUMMYFUNCTION("IF($H$51=""추세(20)"",IFERROR(SPARKLINE(GOOGLEFINANCE(C68,""price"",TODAY()-26,TODAY(),1)),""Updating..""),IFERROR(SPARKLINE(GOOGLEFINANCE(C68,""price"",TODAY()-12,TODAY(),1)),""Updating..""))"),"") | K68: =IFERROR(__xludf.DUMMYFUNCTION("IFERROR(GOOGLEFINANCE(C68,""change""),"""")"),-1.76) -> -1.76 | N68: =IFERROR(__xludf.DUMMYFUNCTION("IFERROR(GOOGLEFINANCE(C68,""changepct"")/100,"""")"),-0.0252) -> -0.0252 | Q68: 45 | S68: =IFERROR(__xludf.DUMMYFUNCTION("IFERROR(INDEX(importhtml(""https://finviz.com/screener.ashx?v=170&t=""&C68&""&ar=180"",""table"",12),2,10),""Load.."")"),44.67) -> 44.67 | U68: =IFERROR(Q68-S68,"Load..") -> 0.33 | W68: =IFERROR(U68/Q68,"Load..") -> 0.0073333333 | Y68: =IF(S68="Loading","Loading",IF(Q68>S68,"YES","NO")) -> YES | AA68: ※ | AC68: 2 | AE68: =IF(AC68="","",E68*1.15*AC68*$AI$51) -> 6258.76
B69: 18 | C69: FAS | E69: =IFERROR(__xludf.DUMMYFUNCTION("IFERROR(GOOGLEFINANCE(C69,""price""),INDEX(importhtml(""https://finviz.com/screener.ashx?v=170&t=""&C69&""&ar=180"",""table"",12),2,11))"),166.67) -> 166.67 | H69: =IFERROR(__xludf.DUMMYFUNCTION("IF($H$51=""추세(20)"",IFERROR(SPARKLINE(GOOGLEFINANCE(C69,""price"",TODAY()-26,TODAY(),1)),""Updating..""),IFERROR(SPARKLINE(GOOGLEFINANCE(C69,""price"",TODAY()-12,TODAY(),1)),""Updating..""))"),"") | K69: =IFERROR(__xludf.DUMMYFUNCTION("IFERROR(GOOGLEFINANCE(C69,""change""),"""")"),-1.75) -> -1.75 | N69: =IFERROR(__xludf.DUMMYFUNCTION("IFERROR(GOOGLEFINANCE(C69,""changepct"")/100,"""")"),-0.0104) -> -0.0104 | Q69: 45 | S69: =IFERROR(__xludf.DUMMYFUNCTION("IFERROR(INDEX(importhtml(""https://finviz.com/screener.ashx?v=170&t=""&C69&""&ar=180"",""table"",12),2,10),""Load.."")"),61.3) -> 61.3 | U69: =IFERROR(Q69-S69,"Load..") -> -16.3 | W69: =IFERROR(U69/Q69,"Load..") -> -0.36222222 | Y69: =IF(S69="Loading","Loading",IF(Q69>S69,"YES","NO")) -> NO | AC69: 2 | AE69: =IF(AC69="","",E69*1.15*AC69*$AI$51) -> 15333.64
B70: 19 | C70: TPOR | E70: =IFERROR(__xludf.DUMMYFUNCTION("IFERROR(GOOGLEFINANCE(C70,""price""),INDEX(importhtml(""https://finviz.com/screener.ashx?v=170&t=""&C70&""&ar=180"",""table"",12),2,11))"),44.01) -> 44.01 | H70: =IFERROR(__xludf.DUMMYFUNCTION("IF($H$51=""추세(20)"",IFERROR(SPARKLINE(GOOGLEFINANCE(C70,""price"",TODAY()-26,TODAY(),1)),""Updating..""),IFERROR(SPARKLINE(GOOGLEFINANCE(C70,""price"",TODAY()-12,TODAY(),1)),""Updating..""))"),"") | K70: =IFERROR(__xludf.DUMMYFUNCTION("IFERROR(GOOGLEFINANCE(C70,""change""),"""")"),-1.54) -> -1.54 | N70: =IFERROR(__xludf.DUMMYFUNCTION("IFERROR(GOOGLEFINANCE(C70,""changepct"")/100,"""")"),-0.0337) -> -0.0337 | Q70: 40 | S70: =IFERROR(__xludf.DUMMYFUNCTION("IFERROR(INDEX(importhtml(""https://finviz.com/screener.ashx?v=170&t=""&C70&""&ar=180"",""table"",12),2,10),""Load.."")"),55.36) -> 55.36 | U70: =IFERROR(Q70-S70,"Load..") -> -15.36 | W70: =IFERROR(U70/Q70,"Load..") -> -0.384 | Y70: =IF(S70="Loading","Loading",IF(Q70>S70,"YES","NO")) -> NO | AA70: ※ | AC70: 2 | AE70: =IF(AC70="","",E70*1.15*AC70*$AI$51) -> 4048.92
B71: 20 | C71: DFEN | E71: =IFERROR(__xludf.DUMMYFUNCTION("IFERROR(GOOGLEFINANCE(C71,""price""),INDEX(importhtml(""https://finviz.com/screener.ashx?v=170&t=""&C71&""&ar=180"",""table"",12),2,11))"),66.77) -> 66.77 | H71: =IFERROR(__xludf.DUMMYFUNCTION("IF($H$51=""추세(20)"",IFERROR(SPARKLINE(GOOGLEFINANCE(C71,""price"",TODAY()-26,TODAY(),1)),""Updating..""),IFERROR(SPARKLINE(GOOGLEFINANCE(C71,""price"",TODAY()-12,TODAY(),1)),""Updating..""))"),"") | K71: =IFERROR(__xludf.DUMMYFUNCTION("IFERROR(GOOGLEFINANCE(C71,""change""),"""")"),-1.28) -> -1.28 | N71: =IFERROR(__xludf.DUMMYFUNCTION("IFERROR(GOOGLEFINANCE(C71,""changepct"")/100,"""")"),-0.018799999999999997) -> -0.0188 | Q71: 40 | S71: =IFERROR(__xludf.DUMMYFUNCTION("IFERROR(INDEX(importhtml(""https://finviz.com/screener.ashx?v=170&t=""&C71&""&ar=180"",""table"",12),2,10),""Load.."")"),38.66) -> 38.66 | U71: =IFERROR(Q71-S71,"Load..") -> 1.34 | W71: =IFERROR(U71/Q71,"Load..") -> 0.0335 | Y71: =IF(S71="Loading","Loading",IF(Q71>S71,"YES","NO")) -> YES | AC71: 2 | AE71: =IF(AC71="","",E71*1.15*AC71*$AI$51) -> 6142.84
B72: 21 | C72: DUSL | E72: =IFERROR(__xludf.DUMMYFUNCTION("IFERROR(GOOGLEFINANCE(C72,""price""),INDEX(importhtml(""https://finviz.com/screener.ashx?v=170&t=""&C72&""&ar=180"",""table"",12),2,11))"),92.21) -> 92.21 | H72: =IFERROR(__xludf.DUMMYFUNCTION("IF($H$51=""추세(20)"",IFERROR(SPARKLINE(GOOGLEFINANCE(C72,""price"",TODAY()-26,TODAY(),1)),""Updating..""),IFERROR(SPARKLINE(GOOGLEFINANCE(C72,""price"",TODAY()-12,TODAY(),1)),""Updating..""))"),"") | K72: =IFERROR(__xludf.DUMMYFUNCTION("IFERROR(GOOGLEFINANCE(C72,""change""),"""")"),-2.12) -> -2.12 | N72: =IFERROR(__xludf.DUMMYFUNCTION("IFERROR(GOOGLEFINANCE(C72,""changepct"")/100,"""")"),-0.0225) -> -0.0225 | Q72: 40 | S72: =IFERROR(__xludf.DUMMYFUNCTION("IFERROR(INDEX(importhtml(""https://finviz.com/screener.ashx?v=170&t=""&C72&""&ar=180"",""table"",12),2,10),""Load.."")"),44.42) -> 44.42 | U72: =IFERROR(Q72-S72,"Load..") -> -4.42 | W72: =IFERROR(U72/Q72,"Load..") -> -0.1105 | Y72: =IF(S72="Loading","Loading",IF(Q72>S72,"YES","NO")) -> NO | AA72: ※ | AC72: 2 | AE72: =IF(AC72="","",E72*1.15*AC72*$AI$51) -> 8483.32
B73: 22 | C73: DRN | E73: =IFERROR(__xludf.DUMMYFUNCTION("IFERROR(GOOGLEFINANCE(C73,""price""),INDEX(importhtml(""https://finviz.com/screener.ashx?v=170&t=""&C73&""&ar=180"",""table"",12),2,11))"),11.31) -> 11.31 | H73: =IFERROR(__xludf.DUMMYFUNCTION("IF($H$51=""추세(20)"",IFERROR(SPARKLINE(GOOGLEFINANCE(C73,""price"",TODAY()-26,TODAY(),1)),""Updating..""),IFERROR(SPARKLINE(GOOGLEFINANCE(C73,""price"",TODAY()-12,TODAY(),1)),""Updating..""))"),"") | K73: =IFERROR(__xludf.DUMMYFUNCTION("IFERROR(GOOGLEFINANCE(C73,""change""),"""")"),-0.15) -> -0.15 | N73: =IFERROR(__xludf.DUMMYFUNCTION("IFERROR(GOOGLEFINANCE(C73,""changepct"")/100,"""")"),-0.0131) -> -0.0131 | Q73: 40 | S73: =IFERROR(__xludf.DUMMYFUNCTION("IFERROR(INDEX(importhtml(""https://finviz.com/screener.ashx?v=170&t=""&C73&""&ar=180"",""table"",12),2,10),""Load.."")"),55.76) -> 55.76 | U73: =IFERROR(Q73-S73,"Load..") -> -15.76 | W73: =IFERROR(U73/Q73,"Load..") -> -0.394 | Y73: =IF(S73="Loading","Loading",IF(Q73>S73,"YES","NO")) -> NO | AA73: ※ | AC73: 2 | AE73: =IF(AC73="","",E73*1.15*AC73*$AI$51) -> 1040.52
B74: 23 | C74: DPST | E74: =IFERROR(__xludf.DUMMYFUNCTION("IFERROR(GOOGLEFINANCE(C74,""price""),INDEX(importhtml(""https://finviz.com/screener.ashx?v=170&t=""&C74&""&ar=180"",""table"",12),2,11))"),145.79) -> 145.79 | H74: =IFERROR(__xludf.DUMMYFUNCTION("IF($H$51=""추세(20)"",IFERROR(SPARKLINE(GOOGLEFINANCE(C74,""price"",TODAY()-26,TODAY(),1)),""Updating..""),IFERROR(SPARKLINE(GOOGLEFINANCE(C74,""price"",TODAY()-12,TODAY(),1)),""Updating..""))"),"") | K74: =IFERROR(__xludf.DUMMYFUNCTION("IFERROR(GOOGLEFINANCE(C74,""change""),"""")"),-4.56) -> -4.56 | N74: =IFERROR(__xludf.DUMMYFUNCTION("IFERROR(GOOGLEFINANCE(C74,""changepct"")/100,"""")"),-0.030299999999999997) -> -0.0303 | Q74: 35 | S74: =IFERROR(__xludf.DUMMYFUNCTION("IFERROR(INDEX(importhtml(""https://finviz.com/screener.ashx?v=170&t=""&C74&""&ar=180"",""table"",12),2,10),""Load.."")"),56.7) -> 56.7 | U74: =IFERROR(Q74-S74,"Load..") -> -21.7 | W74: =IFERROR(U74/Q74,"Load..") -> -0.62 | Y74: =IF(S74="Loading","Loading",IF(Q74>S74,"YES","NO")) -> NO | AC74: 2 | AE74: =IF(AC74="","",E74*1.15*AC74*$AI$51) -> 13412.68
B75: 24 | C75: UTSL | E75: =IFERROR(__xludf.DUMMYFUNCTION("IFERROR(GOOGLEFINANCE(C75,""price""),INDEX(importhtml(""https://finviz.com/screener.ashx?v=170&t=""&C75&""&ar=180"",""table"",12),2,11))"),44.06) -> 44.06 | H75: =IFERROR(__xludf.DUMMYFUNCTION("IF($H$51=""추세(20)"",IFERROR(SPARKLINE(GOOGLEFINANCE(C75,""price"",TODAY()-26,TODAY(),1)),""Updating..""),IFERROR(SPARKLINE(GOOGLEFINANCE(C75,""price"",TODAY()-12,TODAY(),1)),""Updating..""))"),"") | K75: =IFERROR(__xludf.DUMMYFUNCTION("IFERROR(GOOGLEFINANCE(C75,""change""),"""")"),-0.73) -> -0.73 | N75: =IFERROR(__xludf.DUMMYFUNCTION("IFERROR(GOOGLEFINANCE(C75,""changepct"")/100,"""")"),-0.0163) -> -0.0163 | Q75: 35 | S75: =IFERROR(__xludf.DUMMYFUNCTION("IFERROR(INDEX(importhtml(""https://finviz.com/screener.ashx?v=170&t=""&C75&""&ar=180"",""table"",12),2,10),""Load.."")"),46.08) -> 46.08 | U75: =IFERROR(Q75-S75,"Load..") -> -11.08 | W75: =IFERROR(U75/Q75,"Load..") -> -0.31657143 | Y75: =IF(S75="Loading","Loading",IF(Q75>S75,"YES","NO")) -> NO | AA75: ※ | AC75: 2 | AE75: =IF(AC75="","",E75*1.15*AC75*$AI$51) -> 4053.52
B76: 25 | C76: GDXU | E76: =IFERROR(__xludf.DUMMYFUNCTION("IFERROR(GOOGLEFINANCE(C76,""price""),INDEX(importhtml(""https://finviz.com/screener.ashx?v=170&t=""&C76&""&ar=180"",""table"",12),2,11))"),67.54) -> 67.54 | H76: =IFERROR(__xludf.DUMMYFUNCTION("IF($H$51=""추세(20)"",IFERROR(SPARKLINE(GOOGLEFINANCE(C76,""price"",TODAY()-26,TODAY(),1)),""Updating..""),IFERROR(SPARKLINE(GOOGLEFINANCE(C76,""price"",TODAY()-12,TODAY(),1)),""Updating..""))"),"") | K76: =IFERROR(__xludf.DUMMYFUNCTION("IFERROR(GOOGLEFINANCE(C76,""change""),"""")"),-1.6) -> -1.6 | N76: =IFERROR(__xludf.DUMMYFUNCTION("IFERROR(GOOGLEFINANCE(C76,""changepct"")/100,"""")"),-0.0231) -> -0.0231 | Q76: 35 | S76: =IFERROR(__xludf.DUMMYFUNCTION("IFERROR(INDEX(importhtml(""https://finviz.com/screener.ashx?v=170&t=""&C76&""&ar=180"",""table"",12),2,10),""Load.."")"),35.08) -> 35.08 | U76: =IFERROR(Q76-S76,"Load..") -> -0.08 | W76: =IFERROR(U76/Q76,"Load..") -> -0.0022857143 | Y76: =IF(S76="Loading","Loading",IF(Q76>S76,"YES","NO")) -> NO | AA76: ※ | AC76: 2 | AE76: =IF(AC76="","",E76*1.15*AC76*$AI$51) -> 6213.68
B77: 26 | C77: BITU | E77: =IFERROR(__xludf.DUMMYFUNCTION("IFERROR(GOOGLEFINANCE(C77,""price""),INDEX(importhtml(""https://finviz.com/screener.ashx?v=170&t=""&C77&""&ar=180"",""table"",12),2,11))"),9.8) -> 9.8 | H77: =IFERROR(__xludf.DUMMYFUNCTION("IF($H$51=""추세(20)"",IFERROR(SPARKLINE(GOOGLEFINANCE(C77,""price"",TODAY()-26,TODAY(),1)),""Updating..""),IFERROR(SPARKLINE(GOOGLEFINANCE(C77,""price"",TODAY()-12,TODAY(),1)),""Updating..""))"),"") | K77: =IFERROR(__xludf.DUMMYFUNCTION("IFERROR(GOOGLEFINANCE(C77,""change""),"""")"),0.28) -> 0.28 | N77: =IFERROR(__xludf.DUMMYFUNCTION("IFERROR(GOOGLEFINANCE(C77,""changepct"")/100,"""")"),0.0294) -> 0.0294 | S77: =IFERROR(__xludf.DUMMYFUNCTION("IFERROR(INDEX(importhtml(""https://finviz.com/screener.ashx?v=170&t=""&C77&""&ar=180"",""table"",12),2,10),""Load.."")"),50.33) -> 50.33 | U77: =IFERROR(Q77-S77,"Load..") -> -50.33 | W77: =IFERROR(U77/Q77,"Load..") -> Load.. | Y77: =IF(S77="Loading","Loading",IF(Q77>S77,"YES","NO")) -> NO | AA77: ※ | AC77: 2 | AE77: =IF(AC77="","",E77*1.15*AC77*$AI$51) -> 901.6

Sheet V3 1
A1: v
B2: 라오어 무한 매수법 | J2: 언이시트 | N2: V3 1 | BT2: V3 | CB2: IBS
BP3: 1 | BR3: 매수 | BT3: 평단 | BW3: =IF(BY3>BY5,"",IF(G19<0.5,IF(AF7="","",IF(BY4<BY5,ROUNDDOWN(S7/BY3,0)-BW4,ROUNDDOWN(S7/BY3,0)-BW5)),"")) | BY3: =IF(AF7="","",AF7) | CB3: 평단 | CG3: =IF(AF7="","",AF7)
BT4: =IF(J19="",N7,(N7-J19*N7/(0.5*P7))) -> 0.15 | BW4: =IF(AC7="","",IF(BY4>BY5,"",IF(G19<0.5,ROUNDDOWN(S7/2/BY4,0),IF(E23<S7,ROUNDDOWN(E23/BY4,0),ROUNDDOWN(S7/BY4,0))))) | BY4: =IF(AF7="","",AF7*(1+BT4)) | CB4: =IF(J19="",N7,(N7-J19*N7/(0.5*P7))) -> 0.15 | CE4: =IF(AC7="","",IF(CG4>CG5,"",IF(E23<S7,ROUNDDOWN(E23/CG4,0),ROUNDDOWN(S7/CG4,0)))) | CG4: =IF(AF7="","",AF7*(1+CB4))
C5: 첫 매수 시 기록 | AC5: 매일 기록 | AI5: 종목 정보 | AV5: 시드 현황 | BT5: 큰수 | BW5: =IF(AC7="","",IF(BY4<BY5,"",IF(E23<S7,ROUNDDOWN(E23/BY5,0),IF(BY3>BY5,ROUNDDOWN(S7/BY5,0),ROUNDDOWN(S7/2/BY5,0))))) | BY5: =IF(AF7="","",AK7*(1+BJ16)) | CB5: 큰수 | CE5: =IF(AC7="","",IF(CG4<CG5,"",IF(E23<S7,ROUNDDOWN(E23/CG5,0),ROUNDDOWN(S7/CG5,0)))) | CG5: =IF(AF7="","",AK7*(1+BJ16))
C6: 종목 | E6: 매수법 | G6: 시작원금 | J6: ( ) 복리 | N6: 매도 | P6: 분할 | R6: 매수금 | U6: 매수량 | W6: 매수시작일 | Z6: 최초매입가 | AC6: 잔고수량 | AF6: 평단가 | AI6: RSI | AK6: 현재가 | AM6: =H101 -> 추세(10) | AP6: 전일대비 | AS6: 등락률 | BR6: 매도 | BT6: =IF(J19="","",(N7-J19*N7/(0.5*P7))) | BW6: =IF(AC7="","",ROUND(AC7/4,0)) | BY6: =IF(AF7="","",AF7*(1+$AY$14+BT6)) | CB6: =IF(J19="","",(N7-J19*N7/(0.5*P7))) | CE6: =IF(AC7="","",IF(ROUND(AC7/J19,0)>AC7,AC7,ROUND(AC7/J19,0))) | CG6: =IF(AF7="","",AF7*(1+$AY$14+CB6))
B7: 1 | E7: V3.0 | J7: 반 | K7: =IF(J7="완",IF(L72=0,"",G7+L72),IF(J7="반",IF(L72>0,G7+(L72/2),IF(L72=0,"",G7+L72)),"")) | N7: 0.15 | P7: 20 | R7: FALSE | S7: =IF(G7="","",IF(R7=TRUE,IF(K7="",G7/P7,K7/P7),IF(K7-G7>0,K7/P7,G7/P7))) | U7: =IFERROR(IF(G7="","",ROUNDDOWN(S7/AK7,0)),"") | AI7: =IF(C7="","",VLOOKUP(C7,$C$102:$T$106,17,FALSE)) | AK7: =IF(C7="","",VLOOKUP(C7,$C$102:$T$106,3,FALSE)) | AM7: =IF(C7="","",VLOOKUP(C7,$C$102:$T$106,6,FALSE)) | AP7: =IF(C7="","",VLOOKUP(C7,$C$102:$T$106,9,FALSE)) | AS7: =IF(C7="","",VLOOKUP(C7,$C$102:$T$106,12,FALSE)) | AV7: 원금 합계 | AY7: =IF(SUM(G7:I16)=0,"",SUM(G7:I16)) | BC7: 평가금 | BE7: =IF(AY9="","",E21+O21+Y21+AI21+AS21+E42+O42+Y42+AI42+AS42)
B8: 2 | E8: V3.0 | J8: 반 | K8: =IF(J8="완",IF(Z72=0,"",G8+Z72),IF(J8="반",IF(Z72>0,G8+(Z72/2),IF(Z72=0,"",G8+Z72)),"")) | N8: 0.15 | P8: 20 | R8: FALSE | S8: =IF(G8="","",IF(R8=TRUE,IF(K8="",G8/P8,K8/P8),IF(K8-G8>0,K8/P8,G8/P8))) | U8: =IFERROR(IF(G8="","",ROUNDDOWN(S8/AK8,0)),"") | AI8: =IF(C8="","",VLOOKUP(C8,$C$102:$T$106,17,FALSE)) | AK8: =IF(C8="","",VLOOKUP(C8,$C$102:$T$106,3,FALSE)) | AM8: =IF(C8="","",VLOOKUP(C8,$C$102:$T$106,6,FALSE)) | AP8: =IF(C8="","",VLOOKUP(C8,$C$102:$T$106,9,FALSE)) | AS8: =IF(C8="","",VLOOKUP(C8,$C$102:$T$106,12,FALSE)) | BC8: 손익 | BE8: =IF(BE7="","",BE7-AY9) | BT8: =$N$7 -> 0.15 | BW8: =IF(AC7="","",AC7-BW6) | BY8: =IF(AF7="","",AF7*(1+N7+$AY$14)) | CB8: =$N$7 -> 0.15 | CE8: =IF(AC7="","",AC7-CE6) | CG8: =IF(AF7="","",AF7*(1+N7+$AY$14))
B9: 3 | E9: V3.0 | J9: 반 | K9: =IF(J9="완",IF(AN72=0,"",G9+AN72),IF(J9="반",IF(AN72>0,G9+(AN72/2),IF(AN72=0,"",G9+AN72)),"")) | N9: 0.15 | P9: 20 | R9: FALSE | S9: =IF(G9="","",IF(R9=TRUE,IF(K9="",G9/P9,K9/P9),IF(K9-G9>0,K9/P9,G9/P9))) | U9: =IFERROR(IF(G9="","",ROUNDDOWN(S9/AK9,0)),"") | AI9: =IF(C9="","",VLOOKUP(C9,$C$102:$T$106,17,FALSE)) | AK9: =IF(C9="","",VLOOKUP(C9,$C$102:$T$106,3,FALSE)) | AM9: =IF(C9="","",VLOOKUP(C9,$C$102:$T$106,6,FALSE)) | AP9: =IF(C9="","",VLOOKUP(C9,$C$102:$T$106,9,FALSE)) | AS9: =IF(C9="","",VLOOKUP(C9,$C$102:$T$106,12,FALSE)) | AV9: 매입 금액 | AY9: =IF(AY7="","",E20+O20+Y20+AI20+AS20+E41+O41+Y41+AI41+AS41) | BC9: 수익률 | BE9: ↔투입 | BG9: =IFERROR(BE8/AY9,0) -> 0 | BP9: 2 | BR9: 매수 | BT9: 평단 | BW9: =IF(BY9>BY11,"",IF(Q19<0.5,IF(AF8="","",IF(BY10<BY11,ROUNDDOWN(S8/BY9,0)-BW10,ROUNDDOWN(S8/BY9,0)-BW11)),"")) | BY9: =IF(AF8="","",AF8) | CB9: 평단 | CG9: =IF(AF8="","",AF8)
B10: 4 | E10: V3.0 | J10: 반 | K10: =IF(J10="완",IF(BB72=0,"",G10+BB72),IF(J10="반",IF(BB72>0,G10+(BB72/2),IF(BB72=0,"",G10+BB72)),"")) | N10: 0.15 | P10: 20 | R10: FALSE | S10: =IF(G10="","",IF(R10=TRUE,IF(K10="",G10/P10,K10/P10),IF(K10-G10>0,K10/P10,G10/P10))) | U10: =IFERROR(IF(G10="","",ROUNDDOWN(S10/AK10,0)),"") | AI10: =IF(C10="","",VLOOKUP(C10,$C$102:$T$106,17,FALSE)) | AK10: =IF(C10="","",VLOOKUP(C10,$C$102:$T$106,3,FALSE)) | AM10: =IF(C10="","",VLOOKUP(C10,$C$102:$T$106,6,FALSE)) | AP10: =IF(C10="","",VLOOKUP(C10,$C$102:$T$106,9,FALSE)) | AS10: =IF(C10="","",VLOOKUP(C10,$C$102:$T$106,12,FALSE)) | AV10: 남은 원금 | AY10: =IF(AY7="","",AY7-AY9) | BE10: =IFERROR(__xludf.DUMMYFUNCTION("IFERROR(SPARKLINE(BG9,{""charttype"", ""column"";""color"",""FF0000""; ""negcolor"", ""0000FF""; ""ymin"", -0.3 ; ""ymax"", +0.2 ;""axis"",true ; ""axiscolor"",""000000""}),"""")"),"") | BT10: =IF(T19="",N8,(N8-T19*N8/(0.5*P8))) -> 0.15 | BW10: =IF(AC8="","",IF(BY10>BY11,"",IF(Q19<0.5,ROUNDDOWN(S8/2/BY10,0),IF(O23<S8,ROUNDDOWN(O23/BY10,0),ROUNDDOWN(S8/BY10,0))))) | BY10: =IF(AF8="","",AF8*(1+BT10)) | CB10: =IF(T19="",N8,(N8-T19*N8/(0.5*P8))) -> 0.15 | CE10: =IF(AC8="","",IF(CG10>CG11,"",IF(O23<S8,ROUNDDOWN(O23/CG10,0),ROUNDDOWN(S8/CG10,0)))) | CG10: =IF(AF8="","",AF8*(1+CB10))
B11: 5 | E11: V3.0 | J11: 반 | K11: =IF(J11="완",IF(L85=0,"",G11+L85),IF(J11="반",IF(L85>0,G11+(L85/2),IF(L85=0,"",G11+L85)),"")) | N11: 0.15 | P11: 20 | R11: FALSE | S11: =IF(G11="","",IF(R11=TRUE,IF(K11="",G11/P11,K11/P11),IF(K11-G11>0,K11/P11,G11/P11))) | U11: =IFERROR(IF(G11="","",ROUNDDOWN(S11/AK11,0)),"") | AI11: =IF(C11="","",VLOOKUP(C11,$C$102:$T$106,17,FALSE)) | AK11: =IF(C11="","",VLOOKUP(C11,$C$102:$T$106,3,FALSE)) | AM11: =IF(C11="","",VLOOKUP(C11,$C$102:$T$106,6,FALSE)) | AP11: =IF(C11="","",VLOOKUP(C11,$C$102:$T$106,9,FALSE)) | AS11: =IF(C11="","",VLOOKUP(C11,$C$102:$T$106,12,FALSE)) | AV11: 소진율 | AY11: =IF(AY10="","",AY9/AY7) | BT11: 큰수 | BW11: =IF(AC8="","",IF(BY10<BY11,"",IF(O23<S8,ROUNDDOWN(O23/BY11,0),IF(BY9>BY11,ROUNDDOWN(S8/BY11,0),ROUNDDOWN(S8/2/BY11,0))))) | BY11: =IF(AF8="","",AK8*(1+BJ16)) | CB11: 큰수 | CE11: =IF(AC8="","",IF(CG10<CG11,"",IF(O23<S8,ROUNDDOWN(O23/CG11,0),ROUNDDOWN(S8/CG11,0)))) | CG11: =IF(AF8="","",AK8*(1+BJ16))
B12: 6 | E12: V3.0 | J12: 반 | K12: =IF(J12="완",IF(Z85=0,"",G12+Z85),IF(J12="반",IF(Z85>0,G12+(Z85/2),IF(Z85=0,"",G12+Z85)),"")) | N12: 0.15 | P12: 20 | R12: FALSE | S12: =IF(G12="","",IF(R12=TRUE,IF(K12="",G12/P12,K12/P12),IF(K12-G12>0,K12/P12,G12/P12))) | U12: =IFERROR(IF(G12="","",ROUNDDOWN(S12/AK12,0)),"") | AI12: =IF(C12="","",VLOOKUP(C12,$C$102:$T$106,17,FALSE)) | AK12: =IF(C12="","",VLOOKUP(C12,$C$102:$T$106,3,FALSE)) | AM12: =IF(C12="","",VLOOKUP(C12,$C$102:$T$106,6,FALSE)) | AP12: =IF(C12="","",VLOOKUP(C12,$C$102:$T$106,9,FALSE)) | AS12: =IF(C12="","",VLOOKUP(C12,$C$102:$T$106,12,FALSE)) | AV12: =IFERROR(__xludf.DUMMYFUNCTION("IFERROR(IF(AY11>=0.5,SPARKLINE(AY11,{""charttype"",""bar"";""max"",1;""color1"",""FFB400""}),SPARKLINE(AY11,{""charttype"",""bar"";""max"",1;""color1"",""80E12A""})),"""")"),"") | BR12: 매도 | BT12: =IF(T19="","",(N8-T19*N8/(0.5*P8))) | BW12: =IF(AC8="","",ROUND(AC8/4,0)) | BY12: =IF(AF8="","",AF8*(1+$AY$14+BT12)) | CB12: =IF(T19="","",(N8-T19*N8/(0.5*P8))) | CE12: =IF(AC8="","",IF(ROUND(AC8/T19,0)>AC8,AC8,ROUND(AC8/T19,0))) | CG12: =IF(AF8="","",AF8*(1+$AY$14+CB12))
B13: 7 | E13: V3.0 | J13: 반 | K13: =IF(J13="완",IF(AN85=0,"",G13+AN85),IF(J13="반",IF(AN85>0,G13+(AN85/2),IF(AN85=0,"",G13+AN85)),"")) | N13: 0.15 | P13: 20 | R13: FALSE | S13: =IF(G13="","",IF(R13=TRUE,IF(K13="",G13/P13,K13/P13),IF(K13-G13>0,K13/P13,G13/P13))) | U13: =IFERROR(IF(G13="","",ROUNDDOWN(S13/AK13,0)),"") | AI13: =IF(C13="","",VLOOKUP(C13,$C$102:$T$106,17,FALSE)) | AK13: =IF(C13="","",VLOOKUP(C13,$C$102:$T$106,3,FALSE)) | AM13: =IF(C13="","",VLOOKUP(C13,$C$102:$T$106,6,FALSE)) | AP13: =IF(C13="","",VLOOKUP(C13,$C$102:$T$106,9,FALSE)) | AS13: =IF(C13="","",VLOOKUP(C13,$C$102:$T$106,12,FALSE)) | AV13: 1일 매입액 | AY13: =SUM(R7:T16) -> 0 | BE13: ↔원금 | BG13: =IFERROR(BE8/AY7,0) -> 0
B14: 8 | E14: V3.0 | J14: 반 | K14: =IF(J14="완",IF(BB85=0,"",G14+BB85),IF(J14="반",IF(BB85>0,G14+(BB85/2),IF(BB85=0,"",G14+BB85)),"")) | N14: 0.15 | P14: 20 | R14: FALSE | S14: =IF(G14="","",IF(R14=TRUE,IF(K14="",G14/P14,K14/P14),IF(K14-G14>0,K14/P14,G14/P14))) | U14: =IFERROR(IF(G14="","",ROUNDDOWN(S14/AK14,0)),"") | AI14: =IF(C14="","",VLOOKUP(C14,$C$102:$T$106,17,FALSE)) | AK14: =IF(C14="","",VLOOKUP(C14,$C$102:$T$106,3,FALSE)) | AM14: =IF(C14="","",VLOOKUP(C14,$C$102:$T$106,6,FALSE)) | AP14: =IF(C14="","",VLOOKUP(C14,$C$102:$T$106,9,FALSE)) | AS14: =IF(C14="","",VLOOKUP(C14,$C$102:$T$106,12,FALSE)) | AV14: 매도수수료 | AY14: 0.0002 | BE14: =IFERROR(__xludf.DUMMYFUNCTION("IFERROR(SPARKLINE(BG13,{""charttype"", ""column"";""color"",""FF0000""; ""negcolor"", ""0000FF""; ""ymin"", -0.3 ; ""ymax"", +0.2 ;""axis"",true ; ""axiscolor"",""000000""}),"""")"),"") | BT14: =$N$8 -> 0.15 | BW14: =IF(AC8="","",AC8-BW12) | BY14: =IF(AF8="","",AF8*(1+N8+$AY$14)) | CB14: =$N$8 -> 0.15 | CE14: =IF(AC8="","",AC8-CE12) | CG14: =IF(AF8="","",AF8*(1+N8+$AY$14))
B15: 9 | E15: V3.0 | J15: 반 | K15: =IF(J15="완",IF(L98=0,"",G15+L98),IF(J15="반",IF(L98>0,G15+(L98/2),IF(L98=0,"",G15+L98)),"")) | N15: 0.15 | P15: 20 | R15: FALSE | S15: =IF(G15="","",IF(R15=TRUE,IF(K15="",G15/P15,K15/P15),IF(K15-G15>0,K15/P15,G15/P15))) | U15: =IFERROR(IF(G15="","",ROUNDDOWN(S15/AK15,0)),"") | AI15: =IF(C15="","",VLOOKUP(C15,$C$102:$T$106,17,FALSE)) | AK15: =IF(C15="","",VLOOKUP(C15,$C$102:$T$106,3,FALSE)) | AM15: =IF(C15="","",VLOOKUP(C15,$C$102:$T$106,6,FALSE)) | AP15: =IF(C15="","",VLOOKUP(C15,$C$102:$T$106,9,FALSE)) | AS15: =IF(C15="","",VLOOKUP(C15,$C$102:$T$106,12,FALSE)) | BJ15: 큰수 기준 | BP15: 3 | BR15: 매수 | BT15: 평단 | BW15: =IF(BY15>BY17,"",IF(AA19<0.5,IF(AF9="","",IF(BY16<BY17,ROUNDDOWN(S9/BY15,0)-BW16,ROUNDDOWN(S9/BY15,0)-BW17)),"")) | BY15: =IF(AF9="","",AF9) | CB15: 평단 | CG15: =IF(AF9="","",AF9)
B16: 10 | E16: V3.0 | J16: 반 | K16: =IF(J16="완",IF(Z98=0,"",G16+Z98),IF(J16="반",IF(Z98>0,G16+(Z98/2),IF(Z98=0,"",G16+Z98)),"")) | N16: 0.15 | P16: 20 | R16: FALSE | S16: =IF(G16="","",IF(R16=TRUE,IF(K16="",G16/P16,K16/P16),IF(K16-G16>0,K16/P16,G16/P16))) | U16: =IFERROR(IF(G16="","",ROUNDDOWN(S16/AK16,0)),"") | AI16: =IF(C16="","",VLOOKUP(C16,$C$102:$T$106,17,FALSE)) | AK16: =IF(C16="","",VLOOKUP(C16,$C$102:$T$106,3,FALSE)) | AM16: =IF(C16="","",VLOOKUP(C16,$C$102:$T$106,6,FALSE)) | AP16: =IF(C16="","",VLOOKUP(C16,$C$102:$T$106,9,FALSE)) | AS16: =IF(C16="","",VLOOKUP(C16,$C$102:$T$106,12,FALSE)) | AV16: TODAY | AY16: =TODAY() -> 46224 | BJ16: 0.15 | BT16: =IF(AD19="",N9,(N9-AD19*N9/(0.5*P9))) -> 0.15 | BW16: =IF(AC9="","",IF(BY16>BY17,"",IF(AA19<0.5,ROUNDDOWN(S9/2/BY16,0),IF(Y23<S9,ROUNDDOWN(Y23/BY16,0),ROUNDDOWN(S9/BY16,0))))) | BY16: =IF(AF9="","",AF9*(1+BT16)) | CB16: =IF(AD19="",N9,(N9-AD19*N9/(0.5*P9))) -> 0.15 | CE16: =IF(AC9="","",IF(CG16>CG17,"",IF(Y23<S9,ROUNDDOWN(Y23/CG16,0),ROUNDDOWN(S9/CG16,0)))) | CG16: =IF(AF9="","",AF9*(1+CB16))
BT17: 큰수 | BW17: =IF(AC9="","",IF(BY16<BY17,"",IF(Y23<S9,ROUNDDOWN(Y23/BY17,0),IF(BY15>BY17,ROUNDDOWN(S9/BY17,0),ROUNDDOWN(S9/2/BY17,0))))) | BY17: =IF(AF9="","",AK9*(1+BJ16)) | CB17: 큰수 | CE17: =IF(AC9="","",IF(CG16<CG17,"",IF(Y23<S9,ROUNDDOWN(Y23/CG17,0),ROUNDDOWN(S9/CG17,0)))) | CG17: =IF(AF9="","",AK9*(1+BJ16))
B18: 1 | C18: =IF(C7="","",C7) | J18: =IF(E7="","",E7) -> V3.0 | L18: 2 | M18: =IF(C8="","",C8) | T18: =IF(E8="","",E8) -> V3.0 | V18: 3 | W18: =IF(C9="","",C9) | AD18: =IF(E9="","",E9) -> V3.0 | AF18: 4 | AG18: =IF(C10="","",C10) | AN18: =IF(E10="","",E10) -> V3.0 | AP18: 5 | AQ18: =IF(C11="","",C11) | AX18: =IF(E11="","",E11) -> V3.0 | BA18: * 초록색은 LOC 매도 (단, 가격에 MOC라고 나올 경우에는 MOC매도), 파란색은 지정가 매도 | BR18: 매도 | BT18: =IF(AD19="","",(N9-AD19*N9/(0.5*P9))) | BW18: =IF(AC9="","",ROUND(AC9/4,0)) | BY18: =IF(AF9="","",AF9*(1+$AY$14+BT18)) | CB18: =IF(AD19="","",(N9-AD19*N9/(0.5*P9))) | CE18: =IF(AC9="","",IF(ROUND(AC9/AD19,0)>AC9,AC9,ROUND(AC9/AD19,0))) | CG18: =IF(AF9="","",AF9*(1+$AY$14+CB18))
C19: =IFERROR(__xludf.DUMMYFUNCTION("IFERROR(IF(G19>=0.5,SPARKLINE(G19,{""charttype"",""bar"";""max"",1;""color1"",""FFB400""}),SPARKLINE(G19,{""charttype"",""bar"";""max"",1;""color1"",""80E12A""})),"""")"),"") | G19: =IFERROR(IF(J19="","",J19/P7),"") | J19: =IFERROR(IF(E24<1,P7,IF(J18="V3.0",ROUNDUP(E20/S7,1),ROUND(E20/S7,2))),"") | M19: =IFERROR(__xludf.DUMMYFUNCTION("IFERROR(IF(Q19>=0.5,SPARKLINE(Q19,{""charttype"",""bar"";""max"",1;""color1"",""FFB400""}),SPARKLINE(Q19,{""charttype"",""bar"";""max"",1;""color1"",""80E12A""})),"""")"),"") | Q19: =IFERROR(IF(T19="","",T19/P8),"") | T19: =IFERROR(IF(O24<1,P8,IF(T18="V3.0",ROUNDUP(O20/S8,1),ROUND(O20/S8,2))),"") | W19: =IFERROR(__xludf.DUMMYFUNCTION("IFERROR(IF(AA19>=0.5,SPARKLINE(AA19,{""charttype"",""bar"";""max"",1;""color1"",""FFB400""}),SPARKLINE(AA19,{""charttype"",""bar"";""max"",1;""color1"",""80E12A""})),"""")"),"") | AA19: =IFERROR(IF(AD19="","",AD19/P9),"") | AD19: =IFERROR(IF(Y24<1,P9,IF(AD18="V3.0",ROUNDUP(Y20/S9,1),ROUND(Y20/S9,2))),"") | AG19: =IFERROR(__xludf.DUMMYFUNCTION("IFERROR(IF(AK19>=0.5,SPARKLINE(AK19,{""charttype"",""bar"";""max"",1;""color1"",""FFB400""}),SPARKLINE(AK19,{""charttype"",""bar"";""max"",1;""color1"",""80E12A""})),"""")"),"") | AK19: =IFERROR(IF(AN19="","",AN19/P10),"") | AN19: =IFERROR(IF(AI24<1,P10,IF(AN18="V3.0",ROUNDUP(AI20/S10,1),ROUND(AI20/S10,2))),"") | AQ19: =IFERROR(__xludf.DUMMYFUNCTION("IFERROR(IF(AU19>=0.5,SPARKLINE(AU19,{""charttype"",""bar"";""max"",1;""color1"",""FFB400""}),SPARKLINE(AU19,{""charttype"",""bar"";""max"",1;""color1"",""80E12A""})),"""")"),"") | AU19: =IFERROR(IF(AX19="","",AX19/P11),"") | AX19: =IFERROR(IF(AS24<1,P11,IF(AX18="V3.0",ROUNDUP(AS20/S11,1),ROUND(AS20/S11,2))),"")
B20: 매입금액 | E20: =IF(AC7="","",AC7*AF7) | I20: =IFERROR(__xludf.DUMMYFUNCTION("IFERROR(SPARKLINE(I24,{""charttype"", ""column"";""color"",""FF0000""; ""negcolor"", ""0000FF""; ""ymin"", -0.3 ; ""ymax"", +0.2 ;""axis"",true ; ""axiscolor"",""000000""}),"""")"),"") | L20: 매입금액 | O20: =IF(AC8="","",AC8*AF8) | S20: =IFERROR(__xludf.DUMMYFUNCTION("IFERROR(SPARKLINE(S24,{""charttype"", ""column"";""color"",""FF0000""; ""negcolor"", ""0000FF""; ""ymin"", -0.3 ; ""ymax"", +0.2 ;""axis"",true ; ""axiscolor"",""000000""}),"""")"),"") | V20: 매입금액 | Y20: =IF(AC9="","",AC9*AF9) | AC20: =IFERROR(__xludf.DUMMYFUNCTION("IFERROR(SPARKLINE(AC24,{""charttype"", ""column"";""color"",""FF0000""; ""negcolor"", ""0000FF""; ""ymin"", -0.3 ; ""ymax"", +0.2 ;""axis"",true ; ""axiscolor"",""000000""}),"""")"),"") | AF20: 매입금액 | AI20: =IF(AC10="","",AC10*AF10) | AM20: =IFERROR(__xludf.DUMMYFUNCTION("IFERROR(SPARKLINE(AM24,{""charttype"", ""column"";""color"",""FF0000""; ""negcolor"", ""0000FF""; ""ymin"", -0.3 ; ""ymax"", +0.2 ;""axis"",true ; ""axiscolor"",""000000""}),"""")"),"") | AP20: 매입금액 | AS20: =IF(AC11="","",AC11*AF11) | AW20: =IFERROR(__xludf.DUMMYFUNCTION("IFERROR(SPARKLINE(AW24,{""charttype"", ""column"";""color"",""FF0000""; ""negcolor"", ""0000FF""; ""ymin"", -0.3 ; ""ymax"", +0.2 ;""axis"",true ; ""axiscolor"",""000000""}),"""")"),"") | BT20: =$N$9 -> 0.15 | BW20: =IF(AC9="","",AC9-BW18) | BY20: =IF(AF9="","",AF9*(1+N9+$AY$14)) | CB20: =$N$9 -> 0.15 | CE20: =IF(AC9="","",AC9-CE18) | CG20: =IF(AF9="","",AF9*(1+N9+$AY$14))
B21: 평가금액 | E21: =IF(AC7="","",AC7*AK7) | L21: 평가금액 | O21: =IF(AC8="","",AC8*AK8) | V21: 평가금액 | Y21: =IF(AC9="","",AC9*AK9) | AF21: 평가금액 | AI21: =IF(AC10="","",AC10*AK10) | AP21: 평가금액 | AS21: =IF(AC11="","",AC11*AK11) | BA21: * 큰 하락이 발생하였을 때 1회 매수금을 완전히 소진하여 매수하려면, 떡락 매수에 있는 가격 별로 1주씩 추가로 주문! | BP21: 4 | BR21: 매수 | BT21: 평단 | BW21: =IF(BY21>BY23,"",IF(AK19<0.5,IF(AF10="","",IF(BY22<BY23,ROUNDDOWN(S10/BY21,0)-BW22,ROUNDDOWN(S10/BY21,0)-BW23)),"")) | BY21: =IF(AF10="","",AF10) | CB21: 평단 | CG21: =IF(AF10="","",AF10)
B22: 손익 | E22: =IF(E21="","",E21-E20) | L22: 손익 | O22: =IF(O21="","",O21-O20) | V22: 손익 | Y22: =IF(Y21="","",Y21-Y20) | AF22: 손익 | AI22: =IF(AI21="","",AI21-AI20) | AP22: 손익 | AS22: =IF(AS21="","",AS21-AS20) | BT22: =IF(AN19="",N10,(N10-AN19*N10/(0.5*P10))) -> 0.15 | BW22: =IF(AC10="","",IF(BY22>BY23,"",IF(AK19<0.5,ROUNDDOWN(S10/2/BY22,0),IF(AI23<S10,ROUNDDOWN(AI23/BY22,0),ROUNDDOWN(S10/BY22,0))))) | BY22: =IF(AF10="","",AF10*(1+BT22)) | CB22: =IF(AN19="",N10,(N10-AN19*N10/(0.5*P10))) -> 0.15 | CE22: =IF(AC10="","",IF(CG22>CG23,"",IF(AI23<S10,ROUNDDOWN(AI23/CG22,0),ROUNDDOWN(S10/CG22,0)))) | CG22: =IF(AF10="","",AF10*(1+CB22))
B23: 남은원금 | E23: =IF(E20="","",IF(K7="",G7-E20,K7-E20)) | L23: 남은원금 | O23: =IF(O20="","",IF(K8="",G8-O20,K8-O20)) | V23: 남은원금 | Y23: =IF(Y20="","",IF(K9="",G9-Y20,K9-Y20)) | AF23: 남은원금 | AI23: =IF(AI20="","",IF(K10="",G10-AI20,K10-AI20)) | AP23: 남은원금 | AS23: =IF(AS20="","",IF(K11="",G11-AS20,K11-AS20)) | BT23: 큰수 | BW23: =IF(AC10="","",IF(BY22<BY23,"",IF(AI23<S10,ROUNDDOWN(AI23/BY23,0),IF(BY21>BY23,ROUNDDOWN(S10/BY23,0),ROUNDDOWN(S10/2/BY23,0))))) | BY23: =IF(AF10="","",AK10*(1+BJ16)) | CB23: 큰수 | CE23: =IF(AC10="","",IF(CG22<CG23,"",IF(AI23<S10,ROUNDDOWN(AI23/CG23,0),ROUNDDOWN(S10/CG23,0)))) | CG23: =IF(AF10="","",AK10*(1+BJ16))
B24: 매수가능 | E24: =IF(E23="","",ROUNDDOWN(E23/AK7,0)) | I24: =IFERROR(IF(E20="","",(E21-E20)/E20),"") | L24: 매수가능 | O24: =IF(O23="","",ROUNDDOWN(O23/AK8,0)) | S24: =IFERROR(IF(O20="","",(O21-O20)/O20),"") | V24: 매수가능 | Y24: =IF(Y23="","",ROUNDDOWN(Y23/AK9,0)) | AC24: =IFERROR(IF(Y20="","",(Y21-Y20)/Y20),"") | AF24: 매수가능 | AI24: =IF(AI23="","",ROUNDDOWN(AI23/AK10,0)) | AM24: =IFERROR(IF(AI20="","",(AI21-AI20)/AI20),"") | AP24: 매수가능 | AS24: =IF(AS23="","",ROUNDDOWN(AS23/AK11,0)) | AW24: =IFERROR(IF(AS20="","",(AS21-AS20)/AS20),"") | BR24: 매도 | BT24: =IF(AN19="","",(N10-AN19*N10/(0.5*P10))) | BW24: =IF(AC10="","",ROUND(AC10/4,0)) | BY24: =IF(AF10="","",AF10*(1+$AY$14+BT24)) | CB24: =IF(AN19="","",(N10-AN19*N10/(0.5*P10))) | CE24: =IF(AC10="","",IF(ROUND(AC10/AN19,0)>AC10,AC10,ROUND(AC10/AN19,0))) | CG24: =IF(AF10="","",AF10*(1+$AY$14+CB24))
B25: MOC매도 | F25: FALSE | G25: 0 | L25: MOC매도 | P25: FALSE | Q25: 0 | V25: MOC매도 | Z25: FALSE | AA25: 0 | AF25: MOC매도 | AJ25: FALSE | AK25: 0 | AP25: MOC매도 | AT25: FALSE | AU25: 0 | BA25: 메모
B26: 매수 | D26: =IF($J$18="V3.0",BT3,CB3) -> 평단 | G26: =IF(J18="V3.0",IF(AND(P7-1<J19,J19<=P7),"",BW3),IF(J19>(P7-1),"",CE3)) | I26: =IF(J18="V3.0",BY3,CG3) | L26: 매수 | N26: =IF($T$18="V3.0",BT9,CB9) -> 평단 | Q26: =IF(T18="V3.0",IF(AND(P8-1<T19,T19<=P8),"",BW9),IF(T19>(P8-1),"",CE9)) | S26: =IF(T18="V3.0",BY9,CG9) | V26: 매수 | X26: =IF($AD$18="V3.0",BT15,CB15) -> 평단 | AA26: =IF(AD18="V3.0",IF(AND(P9-1<AD19,AD19<=P9),"",BW15),IF(AD19>(P9-1),"",CE15)) | AC26: =IF(AD18="V3.0",BY15,CG15) | AF26: 매수 | AH26: =IF($AN$18="V3.0",BT21,CB21) -> 평단 | AK26: =IF(AN18="V3.0",IF(AND(P10-1<AN19,AN19<=P10),"",BW21),IF(AN19>(P10-1),"",CE21)) | AM26: =IF(AN18="V3.0",BY21,CG21) | AP26: 매수 | AR26: =IF($AX$18="V3.0",BT27,CB27) -> 평단 | AU26: =IF(AX18="V3.0",IF(AND(P11-1<AX19,AX19<=P11),"",BW27),IF(AX19>(P11-1),"",CE27)) | AW26: =IF(AX18="V3.0",BY27,CG27) | BT26: =$N$10 -> 0.15 | BW26: =IF(AC10="","",AC10-BW24) | BY26: =IF(AF10="","",AF10*(1+N10+$AY$14)) | CB26: =$N$10 -> 0.15 | CE26: =IF(AC10="","",AC10-CE24) | CG26: =IF(AF10="","",AF10*(1+N10+$AY$14))
D27: =IF($J$18="V3.0",BT4,CB4) -> 0.15 | G27: =IF(J18="V3.0",IF(AND(P7-1<J19,J19<=P7),"",BW4),IF(J19>(P7-1),"",CE4)) | I27: =IF(J18="V3.0",BY4,CG4) | N27: =IF($T$18="V3.0",BT10,CB10) -> 0.15 | Q27: =IF(T18="V3.0",IF(AND(P8-1<T19,T19<=P8),"",BW10),IF(T19>(P8-1),"",CE10)) | S27: =IF(T18="V3.0",BY10,CG10) | X27: =IF($AD$18="V3.0",BT16,CB16) -> 0.15 | AA27: =IF(AD18="V3.0",IF(AND(P9-1<AD19,AD19<=P9),"",BW16),IF(AD19>(P9-1),"",CE16)) | AC27: =IF(AD18="V3.0",BY16,CG16) | AH27: =IF($AN$18="V3.0",BT22,CB22) -> 0.15 | AK27: =IF(AN18="V3.0",IF(AND(P10-1<AN19,AN19<=P10),"",BW22),IF(AN19>(P10-1),"",CE22)) | AM27: =IF(AN18="V3.0",BY22,CG22) | AR27: =IF($AX$18="V3.0",BT28,CB28) -> 0.15 | AU27: =IF(AX18="V3.0",IF(AND(P11-1<AX19,AX19<=P11),"",BW28),IF(AX19>(P11-1),"",CE28)) | AW27: =IF(AX18="V3.0",BY28,CG28) | BP27: 5 | BR27: 매수 | BT27: 평단 | BW27: =IF(BY27>BY29,"",IF(AU19<0.5,IF(AF11="","",IF(BY28<BY29,ROUNDDOWN(S11/BY27,0)-BW28,ROUNDDOWN(S11/BY27,0)-BW29)),"")) | BY27: =IF(AF11="","",AF11) | CB27: 평단 | CG27: =IF(AF11="","",AF11)
D28: =IF($J$18="V3.0",BT5,CB5) -> 큰수 | G28: =IF(J18="V3.0",IF(AND(P7-1<J19,J19<=P7),"",BW5),IF(J19>(P7-1),"",CE5)) | I28: =IF(J18="V3.0",BY5,CG5) | N28: =IF($T$18="V3.0",BT11,CB11) -> 큰수 | Q28: =IF(T18="V3.0",IF(AND(P8-1<T19,T19<=P8),"",BW11),IF(T19>(P8-1),"",CE11)) | S28: =IF(T18="V3.0",BY11,CG11) | X28: =IF($AD$18="V3.0",BT17,CB17) -> 큰수 | AA28: =IF(AD18="V3.0",IF(AND(P9-1<AD19,AD19<=P9),"",BW17),IF(AD19>(P9-1),"",CE17)) | AC28: =IF(AD18="V3.0",BY17,CG17) | AH28: =IF($AN$18="V3.0",BT23,CB23) -> 큰수 | AK28: =IF(AN18="V3.0",IF(AND(P10-1<AN19,AN19<=P10),"",BW23),IF(AN19>(P10-1),"",CE23)) | AM28: =IF(AN18="V3.0",BY23,CG23) | AR28: =IF($AX$18="V3.0",BT29,CB29) -> 큰수 | AU28: =IF(AX18="V3.0",IF(AND(P11-1<AX19,AX19<=P11),"",BW29),IF(AX19>(P11-1),"",CE29)) | AW28: =IF(AX18="V3.0",BY29,CG29) | BT28: =IF(AX19="",N11,(N11-AX19*N11/(0.5*P11))) -> 0.15 | BW28: =IF(AC11="","",IF(BY28>BY29,"",IF(AU19<0.5,ROUNDDOWN(S11/2/BY28,0),IF(AS23<S11,ROUNDDOWN(AS23/BY28,0),ROUNDDOWN(S11/BY28,0))))) | BY28: =IF(AF11="","",AF11*(1+BT28)) | CB28: =IF(AX19="",N11,(N11-AX19*N11/(0.5*P11))) -> 0.15 | CE28: =IF(AC11="","",IF(CG28>CG29,"",IF(AS23<S11,ROUNDDOWN(AS23/CG28,0),ROUNDDOWN(S11/CG28,0)))) | CG28: =IF(AF11="","",AF11*(1+CB28))
B29: 매도 | D29: =IF($J$18="V3.0",BT6,CB6) | G29: =IF(J18="V3.0",BW6,CE6) | I29: =IF(AND(P7-1<J19,J19<=P7),"MOC",IF(J18="V3.0",BY6,CG6)) | L29: 매도 | N29: =IF($T$18="V3.0",BT12,CB12) | Q29: =IF(T18="V3.0",BW12,CE12) | S29: =IF(AND(P8-1<T19,T19<=P8),"MOC",IF(T18="V3.0",BY12,CG12)) | V29: 매도 | X29: =IF($AD$18="V3.0",BT18,CB18) | AA29: =IF(AD18="V3.0",BW18,CE18) | AC29: =IF(AND(P9-1<AD19,AD19<=P9),"MOC",IF(AD18="V3.0",BY18,CG18)) | AF29: 매도 | AH29: =IF($AN$18="V3.0",BT24,CB24) | AK29: =IF(AN18="V3.0",BW24,CE24) | AM29: =IF(AND(P10-1<AN19,AN19<=P10),"MOC",IF(AN18="V3.0",BY24,CG24)) | AP29: 매도 | AR29: =IF($AX$18="V3.0",BT30,CB30) | AU29: =IF(AX18="V3.0",BW30,CE30) | AW29: =IF(AND(P11-1<AX19,AX19<=P11),"MOC",IF(AX18="V3.0",BY30,CG30)) | BT29: 큰수 | BW29: =IF(AC11="","",IF(BY28<BY29,"",IF(AS23<S11,ROUNDDOWN(AS23/BY29,0),IF(BY27>BY29,ROUNDDOWN(S11/BY29,0),ROUNDDOWN(S11/2/BY29,0))))) | BY29: =IF(AF11="","",AK11*(1+BJ16)) | CB29: 큰수 | CE29: =IF(AC11="","",IF(CG28<CG29,"",IF(AS23<S11,ROUNDDOWN(AS23/CG29,0),ROUNDDOWN(S11/CG29,0)))) | CG29: =IF(AF11="","",AK11*(1+BJ16))
D30: =IF($J$18="V3.0",BT7,CB7) | G30: =IF(J18="V3.0",BW7,CE7) | I30: =IF(J18="V3.0",BY7,CG7) | N30: =IF($T$18="V3.0",BT13,CB13) | Q30: =IF(T18="V3.0",BW13,CE13) | S30: =IF(T18="V3.0",BY13,CG13) | X30: =IF($AD$18="V3.0",BT19,CB19) | AA30: =IF(AD18="V3.0",BW19,CE19) | AC30: =IF(AD18="V3.0",BY19,CG19) | AH30: =IF($AN$18="V3.0",BT25,CB25) | AK30: =IF(AN18="V3.0",BW25,CE25) | AM30: =IF(AN18="V3.0",BY25,CG25) | AR30: =IF($AX$18="V3.0",BT31,CB31) | AU30: =IF(AX18="V3.0",BW31,CE31) | AW30: =IF(AX18="V3.0",BY31,CG31) | BR30: 매도 | BT30: =IF(AX19="","",(N11-AX19*N11/(0.5*P11))) | BW30: =IF(AC11="","",ROUND(AC11/4,0)) | BY30: =IF(AF11="","",AF11*(1+$AY$14+BT30)) | CB30: =IF(AX19="","",(N11-AX19*N11/(0.5*P11))) | CE30: =IF(AC11="","",IF(ROUND(AC11/AX19,0)>AC11,AC11,ROUND(AC11/AX19,0))) | CG30: =IF(AF11="","",AF11*(1+$AY$14+CB30))
D31: =IF($J$18="V3.0",BT8,CB8) -> 0.15 | G31: =IF(J18="V3.0",BW8,CE8) | I31: =IF(J18="V3.0",BY8,CG8) | N31: =IF($T$18="V3.0",BT14,CB14) -> 0.15 | Q31: =IF(T18="V3.0",BW14,CE14) | S31: =IF(T18="V3.0",BY14,CG14) | X31: =IF($AD$18="V3.0",BT20,CB20) -> 0.15 | AA31: =IF(AD18="V3.0",BW20,CE20) | AC31: =IF(AD18="V3.0",BY20,CG20) | AH31: =IF($AN$18="V3.0",BT26,CB26) -> 0.15 | AK31: =IF(AN18="V3.0",BW26,CE26) | AM31: =IF(AN18="V3.0",BY26,CG26) | AR31: =IF($AX$18="V3.0",BT32,CB32) -> 0.15 | AU31: =IF(AX18="V3.0",BW32,CE32) | AW31: =IF(AX18="V3.0",BY32,CG32)
BT32: =$N$11 -> 0.15 | BW32: =IF(AC11="","",AC11-BW30) | BY32: =IF(AF11="","",AF11*(1+N11+$AY$14)) | CB32: =$N$11 -> 0.15 | CE32: =IF(AC11="","",AC11-CE30) | CG32: =IF(AF11="","",AF11*(1+N11+$AY$14))
B33: 떡락 | D33: 하락률 | G33: 총 갯수 | I33: 가격 | L33: 떡락 | N33: 하락률 | Q33: 총 갯수 | S33: 가격 | V33: 떡락 | X33: 하락률 | AA33: 총 갯수 | AC33: 가격 | AF33: 떡락 | AH33: 하락률 | AK33: 총 갯수 | AM33: 가격 | AP33: 떡락 | AR33: 하락률 | AU33: 총 갯수 | AW33: 가격 | BP33: 6 | BR33: 매수 | BT33: 평단 | BW33: =IF(BY33>BY35,"",IF(G40<0.5,IF(AF12="","",IF(BY34<BY35,ROUNDDOWN(S12/BY33,0)-BW34,ROUNDDOWN(S12/BY33,0)-BW35)),"")) | BY33: =IF(AF12="","",AF12) | CB33: 평단 | CG33: =IF(AF12="","",AF12)
D34: =IFERROR(IF((I34-$AK$7)/$AK$7=-1,"",(I34-$AK$7)/$AK$7),"") | G34: =IF(SUM(G26:H28)>0,SUM(G26:H28)+1,"") | I34: =IFERROR(ROUNDDOWN($S$7/G34,2),"") | N34: =IFERROR(IF((S34-$AK$8)/$AK$8=-1,"",(S34-$AK$8)/$AK$8),"") | Q34: =IF(SUM(Q26:R28)>0,sum(Q26:R28)+1,"") | S34: =IFERROR(ROUNDDOWN($S$8/Q34,2),"") | X34: =IFERROR(IF((AC34-$AK$9)/$AK$9=-1,"",(AC34-$AK$9)/$AK$9),"") | AA34: =IF(SUM(AA26:AB28)>0,sum(AA26:AB28)+1,"") | AC34: =IFERROR(ROUNDDOWN($S$9/AA34,2),"") | AH34: =IFERROR(IF((AM34-$AK$10)/$AK$10=-1,"",(AM34-$AK$10)/$AK$10),"") | AK34: =IF(SUM(AK26:AL28)>0,sum(AK26:AL28)+1,"") | AM34: =IFERROR(ROUNDDOWN($S$10/AK34,2),"") | AR34: =IFERROR(IF((AW34-$AK$11)/$AK$11=-1,"",(AW34-$AK$11)/$AK$11),"") | AU34: =IF(SUM(AU26:AV28)>0,sum(AU26:AV28)+1,"") | AW34: =IFERROR(ROUNDDOWN($S$11/AU34,2),"") | BT34: =IF(J40="",N12,(N12-J40*N12/(0.5*P12))) -> 0.15 | BW34: =IF(AC12="","",IF(BY34>BY35,"",IF(G40<0.5,ROUNDDOWN(S12/2/BY34,0),IF(E44<S12,ROUNDDOWN(E44/BY34,0),ROUNDDOWN(S12/BY34,0))))) | BY34: =IF(AF12="","",AF12*(1+BT34)) | CB34: =IF(J40="",N12,(N12-J40*N12/(0.5*P12))) -> 0.15 | CE34: =IF(AC12="","",IF(CG34>CG35,"",IF(E44<S12,ROUNDDOWN(E44/CG34,0),ROUNDDOWN(S12/CG34,0)))) | CG34: =IF(AF12="","",AF12*(1+CB34))
D35: =IFERROR(IF((I35-$AK$7)/$AK$7=-1,"",(I35-$AK$7)/$AK$7),"") | G35: =IF(G34="","",G34+1) | I35: =IFERROR(ROUNDDOWN($S$7/G35,2),"") | N35: =IFERROR(IF((S35-$AK$8)/$AK$8=-1,"",(S35-$AK$8)/$AK$8),"") | Q35: =IF(Q34="","",Q34+1) | S35: =IFERROR(ROUNDDOWN($S$8/Q35,2),"") | X35: =IFERROR(IF((AC35-$AK$9)/$AK$9=-1,"",(AC35-$AK$9)/$AK$9),"") | AA35: =IF(AA34="","",AA34+1) | AC35: =IFERROR(ROUNDDOWN($S$9/AA35,2),"") | AH35: =IFERROR(IF((AM35-$AK$10)/$AK$10=-1,"",(AM35-$AK$10)/$AK$10),"") | AK35: =IF(AK34="","",AK34+1) | AM35: =IFERROR(ROUNDDOWN($S$10/AK35,2),"") | AR35: =IFERROR(IF((AW35-$AK$11)/$AK$11=-1,"",(AW35-$AK$11)/$AK$11),"") | AU35: =IF(AU34="","",AU34+1) | AW35: =IFERROR(ROUNDDOWN($S$11/AU35,2),"") | BT35: 큰수 | BW35: =IF(AC12="","",IF(BY34<BY35,"",IF(E44<S12,ROUNDDOWN(E44/BY35,0),IF(BY33>BY35,ROUNDDOWN(S12/BY35,0),ROUNDDOWN(S12/2/BY35,0))))) | BY35: =IF(AF12="","",AK12*(1+BJ16)) | CB35: 큰수 | CE35: =IF(AC12="","",IF(CG34<CG35,"",IF(E44<S12,ROUNDDOWN(E44/CG35,0),ROUNDDOWN(S12/CG35,0)))) | CG35: =IF(AF12="","",AK12*(1+BJ16))
D36: =IFERROR(IF((I36-$AK$7)/$AK$7=-1,"",(I36-$AK$7)/$AK$7),"") | G36: =IF(G35="","",G35+1) | I36: =IFERROR(ROUNDDOWN($S$7/G36,2),"") | N36: =IFERROR(IF((S36-$AK$8)/$AK$8=-1,"",(S36-$AK$8)/$AK$8),"") | Q36: =IF(Q35="","",Q35+1) | S36: =IFERROR(ROUNDDOWN($S$8/Q36,2),"") | X36: =IFERROR(IF((AC36-$AK$9)/$AK$9=-1,"",(AC36-$AK$9)/$AK$9),"") | AA36: =IF(AA35="","",AA35+1) | AC36: =IFERROR(ROUNDDOWN($S$9/AA36,2),"") | AH36: =IFERROR(IF((AM36-$AK$10)/$AK$10=-1,"",(AM36-$AK$10)/$AK$10),"") | AK36: =IF(AK35="","",AK35+1) | AM36: =IFERROR(ROUNDDOWN($S$10/AK36,2),"") | AR36: =IFERROR(IF((AW36-$AK$11)/$AK$11=-1,"",(AW36-$AK$11)/$AK$11),"") | AU36: =IF(AU35="","",AU35+1) | AW36: =IFERROR(ROUNDDOWN($S$11/AU36,2),"") | BR36: 매도 | BT36: =IF(J40="","",(N12-J40*N12/(0.5*P12))) | BW36: =IF(AC12="","",ROUND(AC12/4,0)) | BY36: =IF(AF12="","",AF12*(1+$AY$14+BT36)) | CB36: =IF(J40="","",(N12-J40*N12/(0.5*P12))) | CE36: =IF(AC12="","",IF(ROUND(AC12/J40,0)>AC12,AC12,ROUND(AC12/J40,0))) | CG36: =IF(AF12="","",AF12*(1+$AY$14+CB36))
D37: =IFERROR(IF((I37-$AK$7)/$AK$7=-1,"",(I37-$AK$7)/$AK$7),"") | G37: =IF(G36="","",G36+1) | I37: =IFERROR(ROUNDDOWN($S$7/G37,2),"") | N37: =IFERROR(IF((S37-$AK$8)/$AK$8=-1,"",(S37-$AK$8)/$AK$8),"") | Q37: =IF(Q36="","",Q36+1) | S37: =IFERROR(ROUNDDOWN($S$8/Q37,2),"") | X37: =IFERROR(IF((AC37-$AK$9)/$AK$9=-1,"",(AC37-$AK$9)/$AK$9),"") | AA37: =IF(AA36="","",AA36+1) | AC37: =IFERROR(ROUNDDOWN($S$9/AA37,2),"") | AH37: =IFERROR(IF((AM37-$AK$10)/$AK$10=-1,"",(AM37-$AK$10)/$AK$10),"") | AK37: =IF(AK36="","",AK36+1) | AM37: =IFERROR(ROUNDDOWN($S$10/AK37,2),"") | AR37: =IFERROR(IF((AW37-$AK$11)/$AK$11=-1,"",(AW37-$AK$11)/$AK$11),"") | AU37: =IF(AU36="","",AU36+1) | AW37: =IFERROR(ROUNDDOWN($S$11/AU37,2),"")
BT38: =$N$12 -> 0.15 | BW38: =IF(AC12="","",AC12-BW36) | BY38: =IF(AF12="","",AF12*(1+N12+$AY$14)) | CB38: =$N$12 -> 0.15 | CE38: =IF(AC12="","",AC12-CE36) | CG38: =IF(AF12="","",AF12*(1+N12+$AY$14))
B39: 6 | C39: =IF(C12="","",C12) | J39: =IF(E12="","",E12) -> V3.0 | L39: 7 | M39: =IF(C13="","",C13) | T39: =IF(E13="","",E13) -> V3.0 | V39: 8 | W39: =IF(C14="","",C14) | AD39: =IF(E14="","",E14) -> V3.0 | AF39: 9 | AG39: =IF(C15="","",C15) | AN39: =IF(E15="","",E15) -> V3.0 | AP39: 10 | AQ39: =IF(C16="","",C16) | AX39: =IF(E16="","",E16) -> V3.0 | BP39: 7 | BR39: 매수 | BT39: 평단 | BW39: =IF(BY39>BY41,"",IF(Q40<0.5,IF(AF13="","",IF(BY40<BY41,ROUNDDOWN(S13/BY39,0)-BW40,ROUNDDOWN(S13/BY39,0)-BW41)),"")) | BY39: =IF(AF13="","",AF13) | CB39: 평단 | CG39: =IF(AF13="","",AF13)
C40: =IFERROR(__xludf.DUMMYFUNCTION("IFERROR(IF(G40>=0.5,SPARKLINE(G40,{""charttype"",""bar"";""max"",1;""color1"",""FFB400""}),SPARKLINE(G40,{""charttype"",""bar"";""max"",1;""color1"",""80E12A""})),"""")"),"") | G40: =IFERROR(IF(J40="","",J40/P12),"") | J40: =IFERROR(IF(E45<1,P12,IF(J39="V3.0",ROUNDUP(E41/S12,1),ROUND(E41/S12,2))),"") | M40: =IFERROR(__xludf.DUMMYFUNCTION("IFERROR(IF(Q40>=0.5,SPARKLINE(Q40,{""charttype"",""bar"";""max"",1;""color1"",""FFB400""}),SPARKLINE(Q40,{""charttype"",""bar"";""max"",1;""color1"",""80E12A""})),"""")"),"") | Q40: =IFERROR(IF(T40="","",T40/P13),"") | T40: =IFERROR(IF(O45<1,P13,IF(T39="V3.0",ROUNDUP(O41/S13,1),ROUND(O41/S13,2))),"") | W40: =IFERROR(__xludf.DUMMYFUNCTION("IFERROR(IF(AA40>=0.5,SPARKLINE(AA40,{""charttype"",""bar"";""max"",1;""color1"",""FFB400""}),SPARKLINE(AA40,{""charttype"",""bar"";""max"",1;""color1"",""80E12A""})),"""")"),"") | AA40: =IFERROR(IF(AD40="","",AD40/P14),"") | AD40: =IFERROR(IF(Y45<1,P14,IF(AD39="V3.0",ROUNDUP(Y41/S14,1),ROUND(Y41/S14,2))),"") | AG40: =IFERROR(__xludf.DUMMYFUNCTION("IFERROR(IF(AK40>=0.5,SPARKLINE(AK40,{""charttype"",""bar"";""max"",1;""color1"",""FFB400""}),SPARKLINE(AK40,{""charttype"",""bar"";""max"",1;""color1"",""80E12A""})),"""")"),"") | AK40: =IFERROR(IF(AN40="","",AN40/P15),"") | AN40: =IFERROR(IF(AI45<1,P15,IF(AN39="V3.0",ROUNDUP(AI41/S15,1),ROUND(AI41/S15,2))),"") | AQ40: =IFERROR(__xludf.DUMMYFUNCTION("IFERROR(IF(AU40>=0.5,SPARKLINE(AU40,{""charttype"",""bar"";""max"",1;""color1"",""FFB400""}),SPARKLINE(AU40,{""charttype"",""bar"";""max"",1;""color1"",""80E12A""})),"""")"),"") | AU40: =IFERROR(IF(AX40="","",AX40/P16),"") | AX40: =IFERROR(IF(AS45<1,P16,IF(AX39="V3.0",ROUNDUP(AS41/S16,1),ROUND(AS41/S16,2))),"") | BT40: =IF(T40="",N13,(N13-T40*N13/(0.5*P13))) -> 0.15 | BW40: =IF(AC13="","",IF(BY40>BY41,"",IF(Q40<0.5,ROUNDDOWN(S13/2/BY40,0),IF(O44<S13,ROUNDDOWN(O44/BY40,0),ROUNDDOWN(S13/BY40,0))))) | BY40: =IF(AF13="","",AF13*(1+BT40)) | CB40: =IF(T40="",N13,(N13-T40*N13/(0.5*P13))) -> 0.15 | CE40: =IF(AC13="","",IF(CG40>CG41,"",IF(O44<S13,ROUNDDOWN(O44/CG40,0),ROUNDDOWN(S13/CG40,0)))) | CG40: =IF(AF13="","",AF13*(1+CB40))
B41: 매입금액 | E41: =IF(AC12="","",AC12*AF12) | I41: =IFERROR(__xludf.DUMMYFUNCTION("IFERROR(SPARKLINE(I45,{""charttype"", ""column"";""color"",""FF0000""; ""negcolor"", ""0000FF""; ""ymin"", -0.3 ; ""ymax"", +0.2 ;""axis"",true ; ""axiscolor"",""000000""}),"""")"),"") | L41: 매입금액 | O41: =IF(AC13="","",AC13*AF13) | S41: =IFERROR(__xludf.DUMMYFUNCTION("IFERROR(SPARKLINE(S45,{""charttype"", ""column"";""color"",""FF0000""; ""negcolor"", ""0000FF""; ""ymin"", -0.3 ; ""ymax"", +0.2 ;""axis"",true ; ""axiscolor"",""000000""}),"""")"),"") | V41: 매입금액 | Y41: =IF(AC14="","",AC14*AF14) | AC41: =IFERROR(__xludf.DUMMYFUNCTION("IFERROR(SPARKLINE(AC45,{""charttype"", ""column"";""color"",""FF0000""; ""negcolor"", ""0000FF""; ""ymin"", -0.3 ; ""ymax"", +0.2 ;""axis"",true ; ""axiscolor"",""000000""}),"""")"),"") | AF41: 매입금액 | AI41: =IF(AC15="","",AC15*AF15) | AM41: =IFERROR(__xludf.DUMMYFUNCTION("IFERROR(SPARKLINE(AM45,{""charttype"", ""column"";""color"",""FF0000""; ""negcolor"", ""0000FF""; ""ymin"", -0.3 ; ""ymax"", +0.2 ;""axis"",true ; ""axiscolor"",""000000""}),"""")"),"") | AP41: 매입금액 | AS41: =IF(AC16="","",AC16*AF16) | AW41: =IFERROR(__xludf.DUMMYFUNCTION("IFERROR(SPARKLINE(AW45,{""charttype"", ""column"";""color"",""FF0000""; ""negcolor"", ""0000FF""; ""ymin"", -0.3 ; ""ymax"", +0.2 ;""axis"",true ; ""axiscolor"",""000000""}),"""")"),"") | BT41: 큰수 | BW41: =IF(AC13="","",IF(BY40<BY41,"",IF(O44<S13,ROUNDDOWN(O44/BY41,0),IF(BY39>BY41,ROUNDDOWN(S13/BY41,0),ROUNDDOWN(S13/2/BY41,0))))) | BY41: =IF(AF13="","",AK13*(1+BJ16)) | CB41: 큰수 | CE41: =IF(AC13="","",IF(CG40<CG41,"",IF(O44<S13,ROUNDDOWN(O44/CG41,0),ROUNDDOWN(S13/CG41,0)))) | CG41: =IF(AF13="","",AK13*(1+BJ16))
B42: 평가금액 | E42: =IF(AC12="","",AC12*AK12) | L42: 평가금액 | O42: =IF(AC13="","",AC13*AK13) | V42: 평가금액 | Y42: =IF(AC14="","",AC14*AK14) | AF42: 평가금액 | AI42: =IF(AC15="","",AC15*AK15) | AP42: 평가금액 | AS42: =IF(AC16="","",AC16*AK16) | BR42: 매도 | BT42: =IF(T40="","",(N13-T40*N13/(0.5*P13))) | BW42: =IF(AC13="","",ROUND(AC13/4,0)) | BY42: =IF(AF13="","",AF13*(1+$AY$14+BT42)) | CB42: =IF(T40="","",(N13-T40*N13/(0.5*P13))) | CE42: =IF(AC13="","",IF(ROUND(AC13/T40,0)>AC13,AC13,ROUND(AC13/T40,0))) | CG42: =IF(AF13="","",AF13*(1+$AY$14+CB42))
B43: 손익 | E43: =IF(E42="","",E42-E41) | L43: 손익 | O43: =IF(O42="","",O42-O41) | V43: 손익 | Y43: =IF(Y42="","",Y42-Y41) | AF43: 손익 | AI43: =IF(AI42="","",AI42-AI41) | AP43: 손익 | AS43: =IF(AS42="","",AS42-AS41)
B44: 남은원금 | E44: =IF(E41="","",IF(K12="",G12-E41,K12-E41)) | L44: 남은원금 | O44: =IF(O41="","",IF(K13="",G13-O41,K13-O41)) | V44: 남은원금 | Y44: =IF(Y41="","",IF(K14="",G14-Y41,K14-Y41)) | AF44: 남은원금 | AI44: =IF(AI41="","",IF(K15="",G15-AI41,K15-AI41)) | AP44: 남은원금 | AS44: =IF(AS41="","",IF(K16="",G16-AS41,K16-AS41)) | BT44: =$N$13 -> 0.15 | BW44: =IF(AC13="","",AC13-BW42) | BY44: =IF(AF13="","",AF13*(1+N13+$AY$14)) | CB44: =$N$13 -> 0.15 | CE44: =IF(AC13="","",AC13-CE42) | CG44: =IF(AF13="","",AF13*(1+N13+$AY$14))
B45: 매수가능 | E45: =IF(E44="","",ROUNDDOWN(E44/AK12,0)) | I45: =IFERROR(IF(E41="","",(E42-E41)/E41),"") | L45: 매수가능 | O45: =IF(O44="","",ROUNDDOWN(O44/AK13,0)) | S45: =IFERROR(IF(O41="","",(O42-O41)/O41),"") | V45: 매수가능 | Y45: =IF(Y44="","",ROUNDDOWN(Y44/AK14,0)) | AC45: =IFERROR(IF(Y41="","",(Y42-Y41)/Y41),"") | AF45: 매수가능 | AI45: =IF(AI44="","",ROUNDDOWN(AI44/AK15,0)) | AM45: =IFERROR(IF(AI41="","",(AI42-AI41)/AI41),"") | AP45: 매수가능 | AS45: =IF(AS44="","",ROUNDDOWN(AS44/AK16,0)) | AW45: =IFERROR(IF(AS41="","",(AS42-AS41)/AS41),"") | BP45: 8 | BR45: 매수 | BT45: 평단 | BW45: =IF(BY45>BY47,"",IF(AA40<0.5,IF(AF14="","",IF(BY46<BY47,ROUNDDOWN(S14/BY45,0)-BW46,ROUNDDOWN(S14/BY45,0)-BW47)),"")) | BY45: =IF(AF14="","",AF14) | CB45: 평단 | CG45: =IF(AF14="","",AF14)
B46: MOC매도 | F46: FALSE | G46: 0 | L46: MOC매도 | P46: FALSE | Q46: 0 | V46: MOC매도 | Z46: FALSE | AA46: 0 | AF46: MOC매도 | AJ46: FALSE | AK46: 0 | AP46: MOC매도 | AT46: FALSE | AU46: 0 | BT46: =IF(AD40="",N14,(N14-AD40*N14/(0.5*P14))) -> 0.15 | BW46: =IF(AC14="","",IF(BY46>BY47,"",IF(AA40<0.5,ROUNDDOWN(S14/2/BY46,0),IF(Y44<S14,ROUNDDOWN(Y44/BY46,0),ROUNDDOWN(S14/BY46,0))))) | BY46: =IF(AF14="","",AF14*(1+BT46)) | CB46: =IF(AD40="",N14,(N14-AD40*N14/(0.5*P14))) -> 0.15 | CE46: =IF(AC14="","",IF(CG46>CG47,"",IF(Y44<S14,ROUNDDOWN(Y44/CG46,0),ROUNDDOWN(S14/CG46,0)))) | CG46: =IF(AF14="","",AF14*(1+CB46))
B47: 매수 | D47: =IF($J$39="V3.0",BT33,CB33) -> 평단 | G47: =IF(J39="V3.0",IF(AND(P12-1<J40,J40<=P12),"",BW33),IF(J40>(P12-1),"",CE33)) | I47: =IF(J39="V3.0",BY33,CG33) | L47: 매수 | N47: =IF($T$39="V3.0",BT39,CB39) -> 평단 | Q47: =IF(T39="V3.0",IF(AND(P13-1<T40,T40<=P13),"",BW39),IF(T40>(P13-1),"",CE39)) | S47: =IF(T39="V3.0",BY39,CG39) | V47: 매수 | X47: =IF($AD$39="V3.0",BT45,CB45) -> 평단 | AA47: =IF(AD39="V3.0",IF(AND(P14-1<AD40,AD40<=P14),"",BW45),IF(AD40>(P14-1),"",CE45)) | AC47: =IF(AD39="V3.0",BY45,CG45) | AF47: 매수 | AH47: =IF($AN$39="V3.0",BT51,CB51) -> 평단 | AK47: =IF(AN39="V3.0",IF(AND(P15-1<AN40,AN40<=P15),"",BW51),IF(AN40>(P15-1),"",CE51)) | AM47: =IF(AN39="V3.0",BY51,CG51) | AP47: 매수 | AR47: =IF($AX$39="V3.0",BT57,CB57) -> 평단 | AU47: =IF(AX39="V3.0",IF(AND(P16-1<AX40,AX40<=P16),"",BW57),IF(AX40>(P16-1),"",CE57)) | AW47: =IF(AX39="V3.0",BY57,CG57) | BT47: 큰수 | BW47: =IF(AC14="","",IF(BY46<BY47,"",IF(Y44<S14,ROUNDDOWN(Y44/BY47,0),IF(BY45>BY47,ROUNDDOWN(S14/BY47,0),ROUNDDOWN(S14/2/BY47,0))))) | BY47: =IF(AF14="","",AK14*(1+BJ16)) | CB47: 큰수 | CE47: =IF(AC14="","",IF(CG46<CG47,"",IF(Y44<S14,ROUNDDOWN(Y44/CG47,0),ROUNDDOWN(S14/CG47,0)))) | CG47: =IF(AF14="","",AK14*(1+BJ16))
D48: =IF($J$39="V3.0",BT34,CB34) -> 0.15 | G48: =IF(J39="V3.0",IF(AND(P12-1<J40,J40<=P12),"",BW34),IF(J40>(P12-1),"",CE34)) | I48: =IF(J39="V3.0",BY34,CG34) | N48: =IF($T$39="V3.0",BT40,CB40) -> 0.15 | Q48: =IF(T39="V3.0",IF(AND(P13-1<T40,T40<=P13),"",BW40),IF(T40>(P13-1),"",CE40)) | S48: =IF(T39="V3.0",BY40,CG40) | X48: =IF($AD$39="V3.0",BT46,CB46) -> 0.15 | AA48: =IF(AD39="V3.0",IF(AND(P14-1<AD40,AD40<=P14),"",BW46),IF(AD40>(P14-1),"",CE46)) | AC48: =IF(AD39="V3.0",BY46,CG46) | AH48: =IF($AN$39="V3.0",BT52,CB52) -> 0.15 | AK48: =IF(AN39="V3.0",IF(AND(P15-1<AN40,AN40<=P15),"",BW52),IF(AN40>(P15-1),"",CE52)) | AM48: =IF(AN39="V3.0",BY52,CG52) | AR48: =IF($AX$39="V3.0",BT58,CB58) -> 0.15 | AU48: =IF(AX39="V3.0",IF(AND(P16-1<AX40,AX40<=P16),"",BW58),IF(AX40>(P16-1),"",CE58)) | AW48: =IF(AX39="V3.0",BY58,CG58) | BR48: 매도 | BT48: =IF(AD40="","",(N14-AD40*N14/(0.5*P14))) | BW48: =IF(AC14="","",ROUND(AC14/4,0)) | BY48: =IF(AF14="","",AF14*(1+$AY$14+BT48)) | CB48: =IF(AD40="","",(N14-AD40*N14/(0.5*P14))) | CE48: =IF(AC14="","",IF(ROUND(AC14/AD40,0)>AC14,AC14,ROUND(AC14/AD40,0))) | CG48: =IF(AF14="","",AF14*(1+$AY$14+CB48))
D49: =IF($J$39="V3.0",BT35,CB35) -> 큰수 | G49: =IF(J39="V3.0",IF(AND(P12-1<J40,J40<=P12),"",BW35),IF(J40>(P12-1),"",CE35)) | I49: =IF(J39="V3.0",BY35,CG35) | N49: =IF($T$39="V3.0",BT41,CB41) -> 큰수 | Q49: =IF(T39="V3.0",IF(AND(P13-1<T40,T40<=P13),"",BW41),IF(T40>(P13-1),"",CE41)) | S49: =IF(T39="V3.0",BY41,CG41) | X49: =IF($AD$39="V3.0",BT47,CB47) -> 큰수 | AA49: =IF(AD39="V3.0",IF(AND(P14-1<AD40,AD40<=P14),"",BW47),IF(AD40>(P14-1),"",CE47)) | AC49: =IF(AD39="V3.0",BY47,CG47) | AH49: =IF($AN$39="V3.0",BT53,CB53) -> 큰수 | AK49: =IF(AN39="V3.0",IF(AND(P15-1<AN40,AN40<=P15),"",BW53),IF(AN40>(P15-1),"",CE53)) | AM49: =IF(AN39="V3.0",BY53,CG53) | AR49: =IF($AX$39="V3.0",BT59,CB59) -> 큰수 | AU49: =IF(AX39="V3.0",IF(AND(P16-1<AX40,AX40<=P16),"",BW59),IF(AX40>(P16-1),"",CE59)) | AW49: =IF(AX39="V3.0",BY59,CG59)
B50: 매도 | D50: =IF($J$39="V3.0",BT36,CB36) | G50: =IF(J39="V3.0",BW36,CE36) | I50: =IF(AND(P12-1<J40,J40<=P12),"MOC",IF(J39="V3.0",BY36,CG36)) | L50: 매도 | N50: =IF($T$39="V3.0",BT42,CB42) | Q50: =IF(T39="V3.0",BW42,CE42) | S50: =IF(AND(P13-1<T40,T40<=P13),"MOC",IF(T39="V3.0",BY42,CG42)) | V50: 매도 | X50: =IF($AD$39="V3.0",BT48,CB48) | AA50: =IF(AD39="V3.0",BW48,CE48) | AC50: =IF(AND(P14-1<AD40,AD40<=P14),"MOC",IF(AD39="V3.0",BY48,CG48)) | AF50: 매도 | AH50: =IF($AN$39="V3.0",BT54,CB54) | AK50: =IF(AN39="V3.0",BW54,CE54) | AM50: =IF(AND(P15-1<AN40,AN40<=P15),"MOC",IF(AN39="V3.0",BY54,CG54)) | AP50: 매도 | AR50: =IF($AX$39="V3.0",BT60,CB60) | AU50: =IF(AX39="V3.0",BW60,CE60) | AW50: =IF(AND(P16-1<AX40,AX40<=P16),"MOC",IF(AX39="V3.0",BY60,CG60)) | BT50: =$N$14 -> 0.15 | BW50: =IF(AC14="","",AC14-BW48) | BY50: =IF(AF14="","",AF14*(1+N14+$AY$14)) | CB50: =$N$14 -> 0.15 | CE50: =IF(AC14="","",AC14-CE48) | CG50: =IF(AF14="","",AF14*(1+N14+$AY$14))
D51: =IF($J$39="V3.0",BT37,CB37) | G51: =IF(J39="V3.0",BW37,CE37) | I51: =IF(J39="V3.0",BY37,CG37) | N51: =IF($T$39="V3.0",BT43,CB43) | Q51: =IF(T39="V3.0",BW43,CE43) | S51: =IF(T39="V3.0",BY43,CG43) | X51: =IF($AD$39="V3.0",BT49,CB49) | AA51: =IF(AD39="V3.0",BW49,CE49) | AC51: =IF(AD39="V3.0",BY49,CG49) | AH51: =IF($AN$39="V3.0",BT55,CB55) | AK51: =IF(AN39="V3.0",BW55,CE55) | AM51: =IF(AN39="V3.0",BY55,CG55) | AR51: =IF($AX$39="V3.0",BT61,CB61) | AU51: =IF(AX39="V3.0",BW61,CE61) | AW51: =IF(AX39="V3.0",BY61,CG61) | BP51: 9 | BR51: 매수 | BT51: 평단 | BW51: =IF(BY51>BY53,"",IF(AK40<0.5,IF(AF15="","",IF(BY52<BY53,ROUNDDOWN(S15/BY51,0)-BW52,ROUNDDOWN(S15/BY51,0)-BW53)),"")) | BY51: =IF(AF15="","",AF15) | CB51: 평단 | CG51: =IF(AF15="","",AF15)
D52: =IF($J$39="V3.0",BT38,CB38) -> 0.15 | G52: =IF(J39="V3.0",BW38,CE38) | I52: =IF(J39="V3.0",BY38,CG38) | N52: =IF($T$39="V3.0",BT44,CB44) -> 0.15 | Q52: =IF(T39="V3.0",BW44,CE44) | S52: =IF(T39="V3.0",BY44,CG44) | X52: =IF($AD$39="V3.0",BT50,CB50) -> 0.15 | AA52: =IF(AD39="V3.0",BW50,CE50) | AC52: =IF(AD39="V3.0",BY50,CG50) | AH52: =IF($AN$39="V3.0",BT56,CB56) -> 0.15 | AK52: =IF(AN39="V3.0",BW56,CE56) | AM52: =IF(AN39="V3.0",BY56,CG56) | AR52: =IF($AX$39="V3.0",BT62,CB62) -> 0.15 | AU52: =IF(AX39="V3.0",BW62,CE62) | AW52: =IF(AX39="V3.0",BY62,CG62) | BT52: =IF(AN40="",N15,(N15-AN40*N15/(0.5*P15))) -> 0.15 | BW52: =IF(AC15="","",IF(BY52>BY53,"",IF(AK40<0.5,ROUNDDOWN(S15/2/BY52,0),IF(AI44<S15,ROUNDDOWN(AI44/BY52,0),ROUNDDOWN(S15/BY52,0))))) | BY52: =IF(AF15="","",AF15*(1+BT52)) | CB52: =IF(AN40="",N15,(N15-AN40*N15/(0.5*P15))) -> 0.15 | CE52: =IF(AC15="","",IF(CG52>CG53,"",IF(AI44<S15,ROUNDDOWN(AI44/CG52,0),ROUNDDOWN(S15/CG52,0)))) | CG52: =IF(AF15="","",AF15*(1+CB52))
BT53: 큰수 | BW53: =IF(AC15="","",IF(BY52<BY53,"",IF(AI44<S15,ROUNDDOWN(AI44/BY53,0),IF(BY51>BY53,ROUNDDOWN(S15/BY53,0),ROUNDDOWN(S15/2/BY53,0))))) | BY53: =IF(AF15="","",AK15*(1+BJ16)) | CB53: 큰수 | CE53: =IF(AC15="","",IF(CG52<CG53,"",IF(AI44<S15,ROUNDDOWN(AI44/CG53,0),ROUNDDOWN(S15/CG53,0)))) | CG53: =IF(AF15="","",AK15*(1+BJ16))
B54: 떡락 | D54: 하락률 | G54: 총 갯수 | I54: 가격 | L54: 떡락 | N54: 하락률 | Q54: 총 갯수 | S54: 가격 | V54: 떡락 | X54: 하락률 | AA54: 총 갯수 | AC54: 가격 | AF54: 떡락 | AH54: 하락률 | AK54: 총 갯수 | AM54: 가격 | AP54: 떡락 | AR54: 하락률 | AU54: 총 갯수 | AW54: 가격 | BR54: 매도 | BT54: =IF(AN40="","",(N15-AN40*N15/(0.5*P15))) | BW54: =IF(AC15="","",ROUND(AC15/4,0)) | BY54: =IF(AF15="","",AF15*(1+$AY$14+BT54)) | CB54: =IF(AN40="","",(N15-AN40*N15/(0.5*P15))) | CE54: =IF(AC15="","",IF(ROUND(AC15/AN40,0)>AC15,AC15,ROUND(AC15/AN40,0))) | CG54: =IF(AF15="","",AF15*(1+$AY$14+CB54))
D55: =IFERROR(IF((I55-$AK$12)/$AK$12=-1,"",(I55-$AK$12)/$AK$12),"") | G55: =IF(SUM(G47:H49)>0,sum(G47:H49)+1,"") | I55: =IFERROR(ROUNDDOWN($S$12/G55,2),"") | N55: =IFERROR(IF((S55-$AK$13)/$AK$13=-1,"",(S55-$AK$13)/$AK$13),"") | Q55: =IF(SUM(Q47:R49)>0,sum(Q47:R49)+1,"") | S55: =IFERROR(ROUNDDOWN($S$13/Q55,2),"") | X55: =IFERROR(IF((AC55-$AK$14)/$AK$14=-1,"",(AC55-$AK$14)/$AK$14),"") | AA55: =IF(SUM(AA47:AB49)>0,sum(AA47:AB49)+1,"") | AC55: =IFERROR(ROUNDDOWN($S$14/AA55,2),"") | AH55: =IFERROR(IF((AM55-$AK$15)/$AK$15=-1,"",(AM55-$AK$15)/$AK$15),"") | AK55: =IF(SUM(AK47:AL49)>0,sum(AK47:AL49)+1,"") | AM55: =IFERROR(ROUNDDOWN($S$15/AK55,2),"") | AR55: =IFERROR(IF((AW55-$AK$16)/$AK$16=-1,"",(AW55-$AK$16)/$AK$16),"") | AU55: =IF(SUM(AU47:AV49)>0,sum(AU47:AV49)+1,"") | AW55: =IFERROR(ROUNDDOWN($S$16/AU55,2),"")
D56: =IFERROR(IF((I56-$AK$12)/$AK$12=-1,"",(I56-$AK$12)/$AK$12),"") | G56: =IF(G55="","",G55+1) | I56: =IFERROR(ROUNDDOWN($S$12/G56,2),"") | N56: =IFERROR(IF((S56-$AK$13)/$AK$13=-1,"",(S56-$AK$13)/$AK$13),"") | Q56: =IF(Q55="","",Q55+1) | S56: =IFERROR(ROUNDDOWN($S$13/Q56,2),"") | X56: =IFERROR(IF((AC56-$AK$14)/$AK$14=-1,"",(AC56-$AK$14)/$AK$14),"") | AA56: =IF(AA55="","",AA55+1) | AC56: =IFERROR(ROUNDDOWN($S$14/AA56,2),"") | AH56: =IFERROR(IF((AM56-$AK$15)/$AK$15=-1,"",(AM56-$AK$15)/$AK$15),"") | AK56: =IF(AK55="","",AK55+1) | AM56: =IFERROR(ROUNDDOWN($S$15/AK56,2),"") | AR56: =IFERROR(IF((AW56-$AK$16)/$AK$16=-1,"",(AW56-$AK$16)/$AK$16),"") | AU56: =IF(AU55="","",AU55+1) | AW56: =IFERROR(ROUNDDOWN($S$16/AU56,2),"") | BT56: =$N$15 -> 0.15 | BW56: =IF(AC15="","",AC15-BW54) | BY56: =IF(AF15="","",AF15*(1+N15+$AY$14)) | CB56: =$N$15 -> 0.15 | CE56: =IF(AC15="","",AC15-CE54) | CG56: =IF(AF15="","",AF15*(1+N15+$AY$14))
D57: =IFERROR(IF((I57-$AK$12)/$AK$12=-1,"",(I57-$AK$12)/$AK$12),"") | G57: =IF(G56="","",G56+1) | I57: =IFERROR(ROUNDDOWN($S$12/G57,2),"") | N57: =IFERROR(IF((S57-$AK$13)/$AK$13=-1,"",(S57-$AK$13)/$AK$13),"") | Q57: =IF(Q56="","",Q56+1) | S57: =IFERROR(ROUNDDOWN($S$13/Q57,2),"") | X57: =IFERROR(IF((AC57-$AK$14)/$AK$14=-1,"",(AC57-$AK$14)/$AK$14),"") | AA57: =IF(AA56="","",AA56+1) | AC57: =IFERROR(ROUNDDOWN($S$14/AA57,2),"") | AH57: =IFERROR(IF((AM57-$AK$15)/$AK$15=-1,"",(AM57-$AK$15)/$AK$15),"") | AK57: =IF(AK56="","",AK56+1) | AM57: =IFERROR(ROUNDDOWN($S$15/AK57,2),"") | AR57: =IFERROR(IF((AW57-$AK$16)/$AK$16=-1,"",(AW57-$AK$16)/$AK$16),"") | AU57: =IF(AU56="","",AU56+1) | AW57: =IFERROR(ROUNDDOWN($S$16/AU57,2),"") | BP57: 10 | BR57: 매수 | BT57: 평단 | BW57: =IF(BY57>BY59,"",IF(AU40<0.5,IF(AF16="","",IF(BY58<BY59,ROUNDDOWN(S16/BY57,0)-BW58,ROUNDDOWN(S16/BY57,0)-BW59)),"")) | BY57: =IF(AF16="","",AF16) | CB57: 평단 | CG57: =IF(AF16="","",AF16)
D58: =IFERROR(IF((I58-$AK$12)/$AK$12=-1,"",(I58-$AK$12)/$AK$12),"") | G58: =IF(G57="","",G57+1) | I58: =IFERROR(ROUNDDOWN($S$12/G58,2),"") | N58: =IFERROR(IF((S58-$AK$13)/$AK$13=-1,"",(S58-$AK$13)/$AK$13),"") | Q58: =IF(Q57="","",Q57+1) | S58: =IFERROR(ROUNDDOWN($S$13/Q58,2),"") | X58: =IFERROR(IF((AC58-$AK$14)/$AK$14=-1,"",(AC58-$AK$14)/$AK$14),"") | AA58: =IF(AA57="","",AA57+1) | AC58: =IFERROR(ROUNDDOWN($S$14/AA58,2),"") | AH58: =IFERROR(IF((AM58-$AK$15)/$AK$15=-1,"",(AM58-$AK$15)/$AK$15),"") | AK58: =IF(AK57="","",AK57+1) | AM58: =IFERROR(ROUNDDOWN($S$15/AK58,2),"") | AR58: =IFERROR(IF((AW58-$AK$16)/$AK$16=-1,"",(AW58-$AK$16)/$AK$16),"") | AU58: =IF(AU57="","",AU57+1) | AW58: =IFERROR(ROUNDDOWN($S$16/AU58,2),"") | BT58: =IF(AX40="",N16,(N16-AX40*N16/(0.5*P16))) -> 0.15 | BW58: =IF(AC16="","",IF(BY58>BY59,"",IF(AU40<0.5,ROUNDDOWN(S16/2/BY58,0),IF(AS44<S16,ROUNDDOWN(AS44/BY58,0),ROUNDDOWN(S16/BY58,0))))) | BY58: =IF(AF16="","",AF16*(1+BT58)) | CB58: =IF(AX40="",N16,(N16-AX40*N16/(0.5*P16))) -> 0.15 | CE58: =IF(AC16="","",IF(CG58>CG59,"",IF(AS44<S16,ROUNDDOWN(AS44/CG58,0),ROUNDDOWN(S16/CG58,0)))) | CG58: =IF(AF16="","",AF16*(1+CB58))
BT59: 큰수 | BW59: =IF(AC16="","",IF(BY58<BY59,"",IF(AS44<S16,ROUNDDOWN(AS44/BY59,0),IF(BY57>BY59,ROUNDDOWN(S16/BY59,0),ROUNDDOWN(S16/2/BY59,0))))) | BY59: =IF(AF16="","",AK16*(1+BJ16)) | CB59: 큰수 | CE59: =IF(AC16="","",IF(CG58<CG59,"",IF(AS44<S16,ROUNDDOWN(AS44/CG59,0),ROUNDDOWN(S16/CG59,0)))) | CG59: =IF(AF16="","",AK16*(1+BJ16))
BR60: 매도 | BT60: =IF(AX40="","",(N16-AX40*N16/(0.5*P16))) | BW60: =IF(AC16="","",ROUND(AC16/4,0)) | BY60: =IF(AF16="","",AF16*(1+$AY$14+BT60)) | CB60: =IF(AX40="","",(N16-AX40*N16/(0.5*P16))) | CE60: =IF(AC16="","",IF(ROUND(AC16/AX40,0)>AC16,AC16,ROUND(AC16/AX40,0))) | CG60: =IF(AF16="","",AF16*(1+$AY$14+CB60))
B61: 1 | C61: 날짜 | E61: 매도 종류 | H61: 수량 | J61: 매도가 | L61: 손익 | P61: 2 | Q61: 날짜 | S61: 매도 종류 | V61: 수량 | X61: 매도가 | Z61: 손익 | AD61: 3 | AE61: 날짜 | AG61: 매도 종류 | AJ61: 수량 | AL61: 매도가 | AN61: 손익 | AR61: 4 | AS61: 날짜 | AU61: 매도 종류 | AX61: 수량 | AZ61: 매도가 | BB61: 손익
B62: 1 | E62: 선택 | P62: 1 | S62: 선택 | AD62: 1 | AG62: 선택 | AR62: 1 | AU62: 선택 | BT62: =$N$16 -> 0.15 | BW62: =IF(AC16="","",AC16-BW60) | BY62: =IF(AF16="","",AF16*(1+N16+$AY$14)) | CB62: =$N$16 -> 0.15 | CE62: =IF(AC16="","",AC16-CE60) | CG62: =IF(AF16="","",AF16*(1+N16+$AY$14))
B63: 2 | E63: 선택 | P63: 2 | S63: 선택 | AD63: 2 | AG63: 선택 | AR63: 2 | AU63: 선택
B64: 3 | E64: 선택 | P64: 3 | S64: 선택 | AD64: 3 | AG64: 선택 | AR64: 3 | AU64: 선택
B65: 4 | E65: 선택 | P65: 4 | S65: 선택 | AD65: 4 | AG65: 선택 | AR65: 4 | AU65: 선택
B66: 5 | E66: 선택 | P66: 5 | S66: 선택 | AD66: 5 | AG66: 선택 | AR66: 5 | AU66: 선택
B67: 6 | E67: 선택 | P67: 6 | S67: 선택 | AD67: 6 | AG67: 선택 | AR67: 6 | AU67: 선택
B68: 7 | E68: 선택 | P68: 7 | S68: 선택 | AD68: 7 | AG68: 선택 | AR68: 7 | AU68: 선택
B69: 8 | E69: 선택 | P69: 8 | S69: 선택 | AD69: 8 | AG69: 선택 | AR69: 8 | AU69: 선택
B70: 9 | E70: 선택 | P70: 9 | S70: 선택 | AD70: 9 | AG70: 선택 | AR70: 9 | AU70: 선택
B71: 10 | E71: 선택 | P71: 10 | S71: 선택 | AD71: 10 | AG71: 선택 | AR71: 10 | AU71: 선택
C72: 원금 | E72: =G7 | I72: 손익 합계 | L72: =sum(L62:N71) -> 0 | Q72: 원금 | S72: =G8 | W72: 손익 합계 | Z72: =sum(Z62:AB71) -> 0 | AE72: 원금 | AG72: =G9 | AK72: 손익 합계 | AN72: =sum(AN62:AP71) -> 0 | AS72: 원금 | AU72: =G10 | AY72: 손익 합계 | BB72: =sum(BB62:BD71) -> 0
B74: 5 | C74: 날짜 | E74: 매도 종류 | H74: 수량 | J74: 매도가 | L74: 손익 | P74: 6 | Q74: 날짜 | S74: 매도 종류 | V74: 수량 | X74: 매도가 | Z74: 손익 | AD74: 7 | AE74: 날짜 | AG74: 매도 종류 | AJ74: 수량 | AL74: 매도가 | AN74: 손익 | AR74: 8 | AS74: 날짜 | AU74: 매도 종류 | AX74: 수량 | AZ74: 매도가 | BB74: 손익
B75: 1 | E75: 선택 | P75: 1 | S75: 선택 | AD75: 1 | AG75: 선택 | AR75: 1 | AU75: 선택
B76: 2 | E76: 선택 | P76: 2 | S76: 선택 | AD76: 2 | AG76: 선택 | AR76: 2 | AU76: 선택
B77: 3 | E77: 선택 | P77: 3 | S77: 선택 | AD77: 3 | AG77: 선택 | AR77: 3 | AU77: 선택
B78: 4 | E78: 선택 | P78: 4 | S78: 선택 | AD78: 4 | AG78: 선택 | AR78: 4 | AU78: 선택
B79: 5 | E79: 선택 | P79: 5 | S79: 선택 | AD79: 5 | AG79: 선택 | AR79: 5 | AU79: 선택
B80: 6 | E80: 선택 | P80: 6 | S80: 선택 | AD80: 6 | AG80: 선택 | AR80: 6 | AU80: 선택
B81: 7 | E81: 선택 | P81: 7 | S81: 선택 | AD81: 7 | AG81: 선택 | AR81: 7 | AU81: 선택
B82: 8 | E82: 선택 | P82: 8 | S82: 선택 | AD82: 8 | AG82: 선택 | AR82: 8 | AU82: 선택
B83: 9 | E83: 선택 | P83: 9 | S83: 선택 | AD83: 9 | AG83: 선택 | AR83: 9 | AU83: 선택
B84: 10 | E84: 선택 | P84: 10 | S84: 선택 | AD84: 10 | AG84: 선택 | AR84: 10 | AU84: 선택
C85: 원금 | E85: =G11 | I85: 손익 합계 | L85: =sum(L75:N84) -> 0 | Q85: 원금 | S85: =G12 | W85: 손익 합계 | Z85: =sum(Z75:AB84) -> 0 | AE85: 원금 | AG85: =G13 | AK85: 손익 합계 | AN85: =sum(AN75:AP84) -> 0 | AS85: 원금 | AU85: =G14 | AY85: 손익 합계 | BB85: =sum(BB75:BD84) -> 0
B87: 9 | C87: 날짜 | E87: 매도 종류 | H87: 수량 | J87: 매도가 | L87: 손익 | P87: 10 | Q87: 날짜 | S87: 매도 종류 | V87: 수량 | X87: 매도가 | Z87: 손익 | AD87: 손익 정리 (매도횟수가 10회를 초과할 경우 정리)
B88: 1 | E88: 선택 | P88: 1 | S88: 선택 | AD88: 순번 | AF88: 종목 | AH88: 시작원금 | AK88: 손익 | AN88: 매도 횟수 | AQ88: 현재 시드 | AT88: 보충 자금 | AW88: 메모
B89: 2 | E89: 선택 | P89: 2 | S89: 선택 | AD89: 1 | AF89: TQQQ | AH89: 10000 | AK89: 400 | AN89: 10 | AQ89: 10400 | AT89: 0 | AW89: 예시 입니다.
B90: 3 | E90: 선택 | P90: 3 | S90: 선택
B91: 4 | E91: 선택 | P91: 4 | S91: 선택
B92: 5 | E92: 선택 | P92: 5 | S92: 선택
B93: 6 | E93: 선택 | P93: 6 | S93: 선택
B94: 7 | E94: 선택 | P94: 7 | S94: 선택
B95: 8 | E95: 선택 | P95: 8 | S95: 선택
B96: 9 | E96: 선택 | P96: 9 | S96: 선택
B97: 10 | E97: 선택 | P97: 10 | S97: 선택
C98: 원금 | E98: =G15 | I98: 손익 합계 | L98: =sum(L88:N97) -> 0 | Q98: 원금 | S98: =G16 | W98: 손익 합계 | Z98: =sum(Z88:AB97) -> 0
B100: 종목 DATA | AC100: 최소원금 계산기 | AI100: 분할 수
C101: Ticker | E101: 현재가 | H101: 추세(10) | K101: 전일대비 | N101: 등락률 | Q101: 기준RSI | S101: RSI | U101: 차이 | W101: 괴리율 | Y101: 진입 | AA101: ※ LOC | AC101: 1회 | AE101: 필요 원금 | AI101: 20
B102: 1 | C102: SOXL | E102: =IFERROR(__xludf.DUMMYFUNCTION("IFERROR(GOOGLEFINANCE(C102,""price""),INDEX(importhtml(""https://finviz.com/screener.ashx?v=170&t=""&C102&""&ar=180"",""table"",12),2,11))"),136.81) -> 136.81 | H102: =IFERROR(__xludf.DUMMYFUNCTION("IF($H$101=""추세(20)"",IFERROR(SPARKLINE(GOOGLEFINANCE(C102,""price"",TODAY()-26,TODAY(),1)),""Updating..""),IFERROR(SPARKLINE(GOOGLEFINANCE(C102,""price"",TODAY()-12,TODAY(),1)),""Updating..""))"),"") | K102: =IFERROR(__xludf.DUMMYFUNCTION("IFERROR(GOOGLEFINANCE(C102,""change""),"""")"),1.34) -> 1.34 | N102: =IFERROR(__xludf.DUMMYFUNCTION("IFERROR(GOOGLEFINANCE(C102,""changepct"")/100,"""")"),0.009899999999999999) -> 0.0099 | Q102: 65 | S102: =IFERROR(__xludf.DUMMYFUNCTION("IFERROR(INDEX(importhtml(""https://finviz.com/screener.ashx?v=170&t=""&C102&""&ar=180"",""table"",12),2,10),""Load.."")"),39.65) -> 39.65 | U102: =IFERROR(Q102-S102,"Load..") -> 25.35 | W102: =IFERROR(U102/Q102,"Load..") -> 0.39 | Y102: =IF(S102="Loading","Loading",IF(Q102>S102,"YES","NO")) -> YES | AC102: 4 | AE102: =IF(AC102="","",E102*1.15*AC102*$AI$101) -> 12586.52
B103: 2 | C103: TQQQ | E103: =IFERROR(__xludf.DUMMYFUNCTION("IFERROR(GOOGLEFINANCE(C103,""price""),INDEX(importhtml(""https://finviz.com/screener.ashx?v=170&t=""&C103&""&ar=180"",""table"",12),2,11))"),67.65) -> 67.65 | H103: =IFERROR(__xludf.DUMMYFUNCTION("IF($H$101=""추세(20)"",IFERROR(SPARKLINE(GOOGLEFINANCE(C103,""price"",TODAY()-26,TODAY(),1)),""Updating..""),IFERROR(SPARKLINE(GOOGLEFINANCE(C103,""price"",TODAY()-12,TODAY(),1)),""Updating..""))"),"") | K103: =IFERROR(__xludf.DUMMYFUNCTION("IFERROR(GOOGLEFINANCE(C103,""change""),"""")"),0.12) -> 0.12 | N103: =IFERROR(__xludf.DUMMYFUNCTION("IFERROR(GOOGLEFINANCE(C103,""changepct"")/100,"""")"),0.0018) -> 0.0018 | Q103: 60 | S103: =IFERROR(__xludf.DUMMYFUNCTION("IFERROR(INDEX(importhtml(""https://finviz.com/screener.ashx?v=170&t=""&C103&""&ar=180"",""table"",12),2,10),""Load.."")"),40.95) -> 40.95 | U103: =IFERROR(Q103-S103,"Load..") -> 19.05 | W103: =IFERROR(U103/Q103,"Load..") -> 0.3175 | Y103: =IF(S103="Loading","Loading",IF(Q103>S103,"YES","NO")) -> YES | AC103: 4 | AE103: =IF(AC103="","",E103*1.15*AC103*$AI$101) -> 6223.8
...

Sheet 기본1
B2: 라오어 무한 매수법 | J2: 언이시트 | N2: 기본 1 | BT2: V1 | CB2: V2 | CJ2: V2.1 | CR2: V2.2
BP3: 1 | BR3: 매수 | BT3: 평단 | BW3: =IF(BY3>BY5,"",IF(E23<O7,IF(BY4<BY5,ROUNDDOWN(E23/BY3-BW4,0),ROUNDDOWN(E23/BY3-BW5,0)),IF(AC7="","",IF(BY4<BY5,ROUNDDOWN(O7/BY3-BW4,0),ROUNDDOWN(O7/BY3-BW5,0))))) | BY3: =IF(AC7="","",AC7) | CB3: 평단 | CE3: =IF(Z7="","",IF(CG3>CG5,"",IF(G19>=0.5,IF(O7>E23,ROUNDDOWN(E23/CG3,0),ROUNDDOWN(O7/CG3,0)),IF(AC7="","",IF(CG4<CG5,ROUNDDOWN(O7/CG3,0)-CE4,ROUNDDOWN(O7/CG3,0)-CE5))))) | CG3: =IF(AC7="","",AC7) | CJ3: 평단 | CM3: =IF(Z7="","",IF(CO3>CO5,"",IF(G19>=0.5,IF(O7>E23,ROUNDDOWN(E23/CO3,0),ROUNDDOWN(O7/CO3,0)),IF(AC7="","",IF(CO4<CO5,ROUNDDOWN(O7/CO3,0)-CM4,ROUNDDOWN(O7/CO3,0)-CM5))))) | CO3: =IF(AC7="","",AC7) | CR3: 평단 | CU3: =IF(CW3>CW5,"",IF(G19<0.5,IF(AC7="","",IF(CW4<CW5,ROUNDDOWN(O7/CW3,0)-CU4,ROUNDDOWN(O7/CW3,0)-CU5)),"")) | CW3: =IF(AC7="","",AC7)
BT4: =$J$7 -> 0.1 | BW4: =IF(O7>E23,IF(BY4<BY5,ROUNDDOWN(E23/2/BY4,0),""),IF(BY4<BY5,ROUNDDOWN(O7/2/BY4,0),"")) | BY4: =IF(AC7="","",AC7*(1+J7)) | CB4: =$J$7/2 -> 0.05 | CE4: =IF(G19>=0.5,"",IF(CG4<CG5,ROUNDDOWN(O7/2/CG4,0),"")) | CG4: =IF(AC7="","",AC7*(1+J7/2)) | CJ4: =$J$7/2 -> 0.05 | CM4: =IF(G19>=0.5,"",IF(CO4<CO5,ROUNDDOWN(O7/2/CO4,0),"")) | CO4: =IF(AC7="","",AC7*(1+J7/2)) | CR4: =IF(J19="",J7,(J7-J19*J7/20*(40/M7))) -> 0.1 | CU4: =IF(Z7="","",IF(CW4>CW5,"",IF(G19<0.5,ROUNDDOWN(O7/2/CW4,0),IF(E23<O7,ROUNDDOWN(E23/CW4,0),ROUNDDOWN(O7/CW4,0))))) | CW4: =IF(AC7="","",AC7*(1+CR4))
C5: 첫 매수 시 기록 | Z5: 매일 기록 | AF5: 종목 정보 | AS5: 시드 현황 | BT5: 큰수 | BW5: =IF(O7>E23,IF(BY4>BY5,ROUNDDOWN(E23/BY5,0),""),IF(BY4>BY5,IF(BY3>BY5,ROUNDDOWN(O7/BY5,0),ROUNDDOWN(O7/2/BY5,0)),"")) | BY5: =IF(AC7="","",AH7*(1+BG16)) | CB5: 큰수 | CE5: =IF(Z7="","",IF(G19>=0.5,IF(E23<O7,ROUNDDOWN(E23/CG5,0)-CE3,ROUNDDOWN(O7/CG5,0)-CE3),IF(CG4>CG5,IF(CG3>CG5,ROUNDDOWN(O7/CG5,0),ROUNDDOWN(O7/2/CG5,0)),""))) | CG5: =IF(AC7="","",AH7*(1+BG16)) | CJ5: 큰수 | CM5: =IF(Z7="","",IF(G19>=0.5,IF(E23<O7,ROUNDDOWN(E23/CO5,0)-CM3,ROUNDDOWN(O7/CO5,0)-CM3),IF(CO4>CO5,IF(CO3>CO5,ROUNDDOWN(O7/CO5,0),ROUNDDOWN(O7/2/CO5,0)),""))) | CO5: =IF(AC7="","",AH7*(1+BG16)) | CR5: 큰수 | CU5: =IF(Z7="","",IF(CW4<CW5,"",IF(E23<O7,ROUNDDOWN(E23/CW5,0),IF(CW3>CW5,ROUNDDOWN(O7/CW5,0),ROUNDDOWN(O7/2/CW5,0))))) | CW5: =IF(AC7="","",AH7*(1+BG16))
C6: 종목 | E6: 매수법 | G6: 원금 | J6: 매도지점 | M6: 분할 | O6: 매수액 | R6: 매수량 | T6: 매수시작일 | W6: 최초매입가 | Z6: 잔고수량 | AC6: 평단가 | AF6: RSI | AH6: 현재가 | AJ6: =H84 -> 추세(10) | AM6: 전일대비 | AP6: 등락률 | BR6: 매도 | CJ6: 0 | CM6: =IF(Z7="","",IF(G19>=0.5,(ROUND(Z7/4,0)),"")) | CO6: =IF(AC7="","",AC7*(1+$AV$14)) | CR6: =IF(J19="","",(J7-J19*J7/20*(40/M7))) | CU6: =IF(Z7="","",ROUND(Z7/4,0)) | CW6: =IF(AC7="","",IF(AND(39*(M7/40)<J19,J19<=40*(M7/40)),"MOC",AC7*(1+$AV$14+CR6)))
B7: 1 | E7: V2.2 | J7: 0.1 | M7: 40 | O7: =IF(G7="","",G7/M7) | R7: =IFERROR(IF(G7="","",ROUNDDOWN(O7/AH7,0)),"") | AF7: =IF(C7="","",VLOOKUP(C7,$C$85:$T$110,17,FALSE)) | AH7: =IF(C7="","",VLOOKUP(C7,$C$85:$T$110,3,FALSE)) | AJ7: =IF(C7="","",VLOOKUP(C7,$C$85:$T$110,6,FALSE)) | AM7: =IF(C7="","",VLOOKUP(C7,$C$85:$T$110,9,FALSE)) | AP7: =IF(C7="","",VLOOKUP(C7,$C$85:$T$110,12,FALSE)) | AS7: 원금 합계 | AV7: =IF(SUM(G7:I16)=0,"",SUM(G7:I16)) | AZ7: 평가금 | BB7: =IF(AV9="","",E21+O21+Y21+AI21+AS21+E36+O36+Y36+AI36+AS36) | CB7: =$J$7/2 -> 0.05 | CE7: =IF(Z7="","",IF(G19>=0.5,(ROUND(Z7/2,0)),"")) | CG7: =IF(AC7="","",AC7*(1+J7/2+$AV$14)) | CJ7: =$J$7/2 -> 0.05 | CM7: =IF(Z7="","",ROUND(Z7/4,0)) | CO7: =IF(AC7="","",AC7*(1+J7/2+$AV$14))
B8: 2 | E8: V2.2 | J8: 0.1 | M8: 40 | O8: =IF(G8="","",G8/M8) | R8: =IFERROR(IF(G8="","",ROUNDDOWN(O8/AH8,0)),"") | AF8: =IF(C8="","",VLOOKUP(C8,$C$85:$T$110,17,FALSE)) | AH8: =IF(C8="","",VLOOKUP(C8,$C$85:$T$110,3,FALSE)) | AJ8: =IF(C8="","",VLOOKUP(C8,$C$85:$T$110,6,FALSE)) | AM8: =IF(C8="","",VLOOKUP(C8,$C$85:$T$110,9,FALSE)) | AP8: =IF(C8="","",VLOOKUP(C8,$C$85:$T$110,12,FALSE)) | AZ8: 손익 | BB8: =IF(BB7="","",BB7-AV9) | BT8: =$J$7 -> 0.1 | BW8: =IF(Z7="","",Z7) | BY8: =IF(AC7="","",AC7*(1+J7+$AV$14)) | CB8: =$J$7 -> 0.1 | CE8: =IF(CE7="",Z7,Z7-CE7) | CG8: =IF(AC7="","",AC7*(1+J7+$AV$14)) | CJ8: =$J$7 -> 0.1 | CM8: =IF(Z7="","",IF(G19<0.5,Z7-CM7,Z7-CM6-CM7)) | CO8: =IF(AC7="","",AC7*(1+J7+$AV$14)) | CR8: =$J$7 -> 0.1 | CU8: =IF(Z7="","",Z7-CU6) | CW8: =IF(AC7="","",AC7*(1+J7+$AV$14))
B9: 3 | E9: V2.2 | J9: 0.1 | M9: 40 | O9: =IF(G9="","",G9/M9) | R9: =IFERROR(IF(G9="","",ROUNDDOWN(O9/AH9,0)),"") | AF9: =IF(C9="","",VLOOKUP(C9,$C$85:$T$110,17,FALSE)) | AH9: =IF(C9="","",VLOOKUP(C9,$C$85:$T$110,3,FALSE)) | AJ9: =IF(C9="","",VLOOKUP(C9,$C$85:$T$110,6,FALSE)) | AM9: =IF(C9="","",VLOOKUP(C9,$C$85:$T$110,9,FALSE)) | AP9: =IF(C9="","",VLOOKUP(C9,$C$85:$T$110,12,FALSE)) | AS9: 매입 금액 | AV9: =IF(AV7="","",E20+O20+Y20+AI20+AS20+E35+O35+Y35+AI35+AS35) | AZ9: 수익률 | BB9: ↔투입 | BD9: =IFERROR(BB8/AV9,0) -> 0 | BP9: 2 | BR9: 매수 | BT9: 평단 | BW9: =IF(BY9>BY11,"",IF(O23<O8,IF(BY10<BY11,ROUNDDOWN(O23/BY9-BW10,0),ROUNDDOWN(O23/BY9-BW11,0)),IF(AC8="","",IF(BY10<BY11,ROUNDDOWN(O8/BY9-BW10,0),ROUNDDOWN(O8/BY9-BW11,0))))) | BY9: =IF(AC8="","",AC8) | CB9: 평단 | CE9: =IF(Z8="","",IF(CG9>CG11,"",IF(Q19>=0.5,IF(O8>O23,ROUNDDOWN(O23/CG9,0),ROUNDDOWN(O8/CG9,0)),IF(AC8="","",IF(CG10<CG11,ROUNDDOWN(O8/CG9,0)-CE10,ROUNDDOWN(O8/CG9,0)-CE11))))) | CG9: =IF(AC8="","",AC8) | CJ9: 평단 | CM9: =IF(Z8="","",IF(CO9>CO11,"",IF(Q19>=0.5,IF(O8>O23,ROUNDDOWN(O23/CO9,0),ROUNDDOWN(O8/CO9,0)),IF(AC8="","",IF(CO10<CO11,ROUNDDOWN(O8/CO9,0)-CM10,ROUNDDOWN(O8/CO9,0)-CM11))))) | CO9: =IF(AC8="","",AC8) | CR9: 평단 | CU9: =IF(CW9>CW11,"",IF(Q19<0.5,IF(AC8="","",IF(CW10<CW11,ROUNDDOWN(O8/CW9,0)-CU10,ROUNDDOWN(O8/CW9,0)-CU11)),"")) | CW9: =IF(AC8="","",AC8)
B10: 4 | E10: V2.2 | J10: 0.1 | M10: 40 | O10: =IF(G10="","",G10/M10) | R10: =IFERROR(IF(G10="","",ROUNDDOWN(O10/AH10,0)),"") | AF10: =IF(C10="","",VLOOKUP(C10,$C$85:$T$110,17,FALSE)) | AH10: =IF(C10="","",VLOOKUP(C10,$C$85:$T$110,3,FALSE)) | AJ10: =IF(C10="","",VLOOKUP(C10,$C$85:$T$110,6,FALSE)) | AM10: =IF(C10="","",VLOOKUP(C10,$C$85:$T$110,9,FALSE)) | AP10: =IF(C10="","",VLOOKUP(C10,$C$85:$T$110,12,FALSE)) | AS10: 남은 원금 | AV10: =IF(AV7="","",AV7-AV9) | BB10: =IFERROR(__xludf.DUMMYFUNCTION("IFERROR(SPARKLINE(BD9,{""charttype"", ""column"";""color"",""FF0000""; ""negcolor"", ""0000FF""; ""ymin"", -0.3 ; ""ymax"", +0.2 ;""axis"",true ; ""axiscolor"",""000000""}),"""")"),"") | BT10: =$J$8 -> 0.1 | BW10: =IF(O8>O23,IF(BY10<BY11,ROUNDDOWN(O23/2/BY10,0),""),IF(BY10<BY11,ROUNDDOWN(O8/2/BY10,0),"")) | BY10: =IF(AC8="","",AC8*(1+J8)) | CB10: =$J$8/2 -> 0.05 | CE10: =IF(Q19>=0.5,"",IF(CG10<CG11,ROUNDDOWN(O8/2/CG10,0),"")) | CG10: =IF(AC8="","",AC8*(1+J8/2)) | CJ10: =$J$8/2 -> 0.05 | CM10: =IF(Q19>=0.5,"",IF(CO10<CO11,ROUNDDOWN(O8/2/CO10,0),"")) | CO10: =IF(AC8="","",AC8*(1+J8/2)) | CR10: =IF(T19="",J8,(J8-T19*J8/20*(40/M8))) -> 0.1 | CU10: =IF(Z8="","",IF(CW10>CW11,"",IF(Q19<0.5,ROUNDDOWN(O8/2/CW10,0),IF(O23<O8,ROUNDDOWN(O23/CW10,0),ROUNDDOWN(O8/CW10,0))))) | CW10: =IF(AC8="","",AC8*(1+CR10))
B11: 5 | E11: V2.2 | J11: 0.1 | M11: 40 | O11: =IF(G11="","",G11/M11) | R11: =IFERROR(IF(G11="","",ROUNDDOWN(O11/AH11,0)),"") | AF11: =IF(C11="","",VLOOKUP(C11,$C$85:$T$110,17,FALSE)) | AH11: =IF(C11="","",VLOOKUP(C11,$C$85:$T$110,3,FALSE)) | AJ11: =IF(C11="","",VLOOKUP(C11,$C$85:$T$110,6,FALSE)) | AM11: =IF(C11="","",VLOOKUP(C11,$C$85:$T$110,9,FALSE)) | AP11: =IF(C11="","",VLOOKUP(C11,$C$85:$T$110,12,FALSE)) | AS11: 소진율 | AV11: =IF(AV10="","",AV9/AV7) | BT11: 큰수 | BW11: =IF(O8>O23,IF(BY10>BY11,ROUNDDOWN(O23/BY11,0),""),IF(BY10>BY11,IF(BY9>BY11,ROUNDDOWN(O8/BY11,0),ROUNDDOWN(O8/2/BY11,0)),"")) | BY11: =IF(AC8="","",AH8*(1+BG16)) | CB11: 큰수 | CE11: =IF(Z8="","",IF(Q19>=0.5,IF(O23<O8,ROUNDDOWN(O23/CG11,0)-CE9,ROUNDDOWN(O8/CG11,0)-CE9),IF(CG10>CG11,IF(CG9>CG11,ROUNDDOWN(O8/CG11,0),ROUNDDOWN(O8/2/CG11,0)),""))) | CG11: =IF(AC8="","",AH8*(1+BG16)) | CJ11: 큰수 | CM11: =IF(Z8="","",IF(Q19>=0.5,IF(O23<O8,ROUNDDOWN(O23/CO11,0)-CM9,ROUNDDOWN(O8/CO11,0)-CM9),IF(CO10>CO11,IF(CO9>CO11,ROUNDDOWN(O8/CO11,0),ROUNDDOWN(O8/2/CO11,0)),""))) | CO11: =IF(AC8="","",AH8*(1+BG16)) | CR11: 큰수 | CU11: =IF(Z8="","",IF(CW10<CW11,"",IF(O23<O8,ROUNDDOWN(O23/CW11,0),IF(CW9>CW11,ROUNDDOWN(O8/CW11,0),ROUNDDOWN(O8/2/CW11,0))))) | CW11: =IF(AC8="","",AH8*(1+BG16))
B12: 6 | E12: V2.2 | J12: 0.1 | M12: 40 | O12: =IF(G12="","",G12/M12) | R12: =IFERROR(IF(G12="","",ROUNDDOWN(O12/AH12,0)),"") | AF12: =IF(C12="","",VLOOKUP(C12,$C$85:$T$110,17,FALSE)) | AH12: =IF(C12="","",VLOOKUP(C12,$C$85:$T$110,3,FALSE)) | AJ12: =IF(C12="","",VLOOKUP(C12,$C$85:$T$110,6,FALSE)) | AM12: =IF(C12="","",VLOOKUP(C12,$C$85:$T$110,9,FALSE)) | AP12: =IF(C12="","",VLOOKUP(C12,$C$85:$T$110,12,FALSE)) | AS12: =IFERROR(__xludf.DUMMYFUNCTION("IFERROR(IF(AV11>=0.5,SPARKLINE(AV11,{""charttype"",""bar"";""max"",1;""color1"",""FFB400""}),SPARKLINE(AV11,{""charttype"",""bar"";""max"",1;""color1"",""80E12A""})),"""")"),"") | BR12: 매도 | CJ12: 0 | CM12: =IF(Z8="","",IF(Q19>=0.5,(ROUND(Z8/4,0)),"")) | CO12: =IF(AC8="","",AC8*(1+$AV$14)) | CR12: =IF(T19="","",(J8-T19*J8/20*(40/M8))) | CU12: =IF(Z8="","",ROUND(Z8/4,0)) | CW12: =IF(AC8="","",IF(AND(39*(M8/40)<T19,T19<=40*(M8/40)),"MOC",AC8*(1+$AV$14+CR12)))
B13: 7 | E13: V2.2 | J13: 0.1 | M13: 40 | O13: =IF(G13="","",G13/M13) | R13: =IFERROR(IF(G13="","",ROUNDDOWN(O13/AH13,0)),"") | AF13: =IF(C13="","",VLOOKUP(C13,$C$85:$T$110,17,FALSE)) | AH13: =IF(C13="","",VLOOKUP(C13,$C$85:$T$110,3,FALSE)) | AJ13: =IF(C13="","",VLOOKUP(C13,$C$85:$T$110,6,FALSE)) | AM13: =IF(C13="","",VLOOKUP(C13,$C$85:$T$110,9,FALSE)) | AP13: =IF(C13="","",VLOOKUP(C13,$C$85:$T$110,12,FALSE)) | AS13: 1일 매입액 | AV13: =SUM(O7:Q16) -> 0 | BB13: ↔원금 | BD13: =IFERROR(BB8/AV7,0) -> 0 | CB13: =$J$8/2 -> 0.05 | CE13: =IF(Z8="","",IF(Q19>=0.5,(ROUND(Z8/2,0)),"")) | CG13: =IF(AC8="","",AC8*(1+J8/2+$AV$14)) | CJ13: =$J$8/2 -> 0.05 | CM13: =IF(Z8="","",ROUND(Z8/4,0)) | CO13: =IF(AC8="","",AC8*(1+J8/2+$AV$14))
B14: 8 | E14: V2.2 | J14: 0.1 | M14: 40 | O14: =IF(G14="","",G14/M14) | R14: =IFERROR(IF(G14="","",ROUNDDOWN(O14/AH14,0)),"") | AF14: =IF(C14="","",VLOOKUP(C14,$C$85:$T$110,17,FALSE)) | AH14: =IF(C14="","",VLOOKUP(C14,$C$85:$T$110,3,FALSE)) | AJ14: =IF(C14="","",VLOOKUP(C14,$C$85:$T$110,6,FALSE)) | AM14: =IF(C14="","",VLOOKUP(C14,$C$85:$T$110,9,FALSE)) | AP14: =IF(C14="","",VLOOKUP(C14,$C$85:$T$110,12,FALSE)) | AS14: 매도수수료 | AV14: 0.0002 | BB14: =IFERROR(__xludf.DUMMYFUNCTION("IFERROR(SPARKLINE(BD13,{""charttype"", ""column"";""color"",""FF0000""; ""negcolor"", ""0000FF""; ""ymin"", -0.3 ; ""ymax"", +0.2 ;""axis"",true ; ""axiscolor"",""000000""}),"""")"),"") | BT14: =$J$8 -> 0.1 | BW14: =IF(Z8="","",Z8) | BY14: =IF(AC8="","",AC8*(1+J8+$AV$14)) | CB14: =$J$8 -> 0.1 | CE14: =IF(CE13="",Z8,Z8-CE13) | CG14: =IF(AC8="","",AC8*(1+J8+$AV$14)) | CJ14: =$J$8 -> 0.1 | CM14: =IF(Z8="","",IF(Q19<0.5,Z8-CM13,Z8-CM12-CM13)) | CO14: =IF(AC8="","",AC8*(1+J8+$AV$14)) | CR14: =$J$8 -> 0.1 | CU14: =IF(Z8="","",Z8-CU12) | CW14: =IF(AC8="","",AC8*(1+J8+$AV$14))
B15: 9 | E15: V2.2 | J15: 0.1 | M15: 40 | O15: =IF(G15="","",G15/M15) | R15: =IFERROR(IF(G15="","",ROUNDDOWN(O15/AH15,0)),"") | AF15: =IF(C15="","",VLOOKUP(C15,$C$85:$T$110,17,FALSE)) | AH15: =IF(C15="","",VLOOKUP(C15,$C$85:$T$110,3,FALSE)) | AJ15: =IF(C15="","",VLOOKUP(C15,$C$85:$T$110,6,FALSE)) | AM15: =IF(C15="","",VLOOKUP(C15,$C$85:$T$110,9,FALSE)) | AP15: =IF(C15="","",VLOOKUP(C15,$C$85:$T$110,12,FALSE)) | AS15: 증액가능 | AV15: =COUNTA(C7:C16)*2/100 -> 0 | BG15: 큰수 기준 | BP15: 3 | BR15: 매수 | BT15: 평단 | BW15: =IF(BY15>BY17,"",IF(Y23<O9,IF(BY16<BY17,ROUNDDOWN(Y23/BY15-BW16,0),ROUNDDOWN(Y23/BY15-BW17,0)),IF(AC9="","",IF(BY16<BY17,ROUNDDOWN(O9/BY15-BW16,0),ROUNDDOWN(O9/BY15-BW17,0))))) | BY15: =IF(AC9="","",AC9) | CB15: 평단 | CE15: =IF(Z9="","",IF(CG15>CG17,"",IF(AA19>=0.5,IF(O9>Y23,ROUNDDOWN(Y23/CG15,0),ROUNDDOWN(O9/CG15,0)),IF(AC9="","",IF(CG16<CG17,ROUNDDOWN(O9/CG15,0)-CE16,ROUNDDOWN(O9/CG15,0)-CE17))))) | CG15: =IF(AC9="","",AC9) | CJ15: 평단 | CM15: =IF(Z9="","",IF(CO15>CO17,"",IF(AA19>=0.5,IF(O9>Y23,ROUNDDOWN(Y23/CO15,0),ROUNDDOWN(O9/CO15,0)),IF(AC9="","",IF(CO16<CO17,ROUNDDOWN(O9/CO15,0)-CM16,ROUNDDOWN(O9/CO15,0)-CM17))))) | CO15: =IF(AC9="","",AC9) | CR15: 평단 | CU15: =IF(CW15>CW17,"",IF(AA19<0.5,IF(AC9="","",IF(CW16<CW17,ROUNDDOWN(O9/CW15,0)-CU16,ROUNDDOWN(O9/CW15,0)-CU17)),"")) | CW15: =IF(AC9="","",AC9)
B16: 10 | E16: V2.2 | J16: 0.1 | M16: 40 | O16: =IF(G16="","",G16/M16) | R16: =IFERROR(IF(G16="","",ROUNDDOWN(O16/AH16,0)),"") | AF16: =IF(C16="","",VLOOKUP(C16,$C$85:$T$110,17,FALSE)) | AH16: =IF(C16="","",VLOOKUP(C16,$C$85:$T$110,3,FALSE)) | AJ16: =IF(C16="","",VLOOKUP(C16,$C$85:$T$110,6,FALSE)) | AM16: =IF(C16="","",VLOOKUP(C16,$C$85:$T$110,9,FALSE)) | AP16: =IF(C16="","",VLOOKUP(C16,$C$85:$T$110,12,FALSE)) | AS16: TODAY | AV16: =TODAY() -> 46224 | BG16: 0.15 | BT16: =$J$9 -> 0.1 | BW16: =IF(O9>Y23,IF(BY16<BY17,ROUNDDOWN(Y23/2/BY16,0),""),IF(BY16<BY17,ROUNDDOWN(O9/2/BY16,0),"")) | BY16: =IF(AC9="","",AC9*(1+J9)) | CB16: =$J$9/2 -> 0.05 | CE16: =IF(AA19>=0.5,"",IF(CG16<CG17,ROUNDDOWN(O9/2/CG16,0),"")) | CG16: =IF(AC9="","",AC9*(1+J9/2)) | CJ16: =$J$9/2 -> 0.05 | CM16: =IF(AA19>=0.5,"",IF(CO16<CO17,ROUNDDOWN(O9/2/CO16,0),"")) | CO16: =IF(AC9="","",AC9*(1+J9/2)) | CR16: =IF(AD19="",J9,(J9-AD19*J9/20*(40/M9))) -> 0.1 | CU16: =IF(Z9="","",IF(CW16>CW17,"",IF(AA19<0.5,ROUNDDOWN(O9/2/CW16,0),IF(Y23<O9,ROUNDDOWN(Y23/CW16,0),ROUNDDOWN(O9/CW16,0))))) | CW16: =IF(AC9="","",AC9*(1+CR16))
BT17: 큰수 | BW17: =IF(O9>Y23,IF(BY16>BY17,ROUNDDOWN(Y23/BY17,0),""),IF(BY16>BY17,IF(BY15>BY17,ROUNDDOWN(O9/BY17,0),ROUNDDOWN(O9/2/BY17,0)),"")) | BY17: =IF(AC9="","",AH9*(1+BG16)) | CB17: 큰수 | CE17: =IF(Z9="","",IF(AA19>=0.5,IF(Y23<O9,ROUNDDOWN(Y23/CG17,0)-CE15,ROUNDDOWN(O9/CG17,0)-CE15),IF(CG16>CG17,IF(CG15>CG17,ROUNDDOWN(O9/CG17,0),ROUNDDOWN(O9/2/CG17,0)),""))) | CG17: =IF(AC9="","",AH9*(1+BG16)) | CJ17: 큰수 | CM17: =IF(Z9="","",IF(AA19>=0.5,IF(Y23<O9,ROUNDDOWN(Y23/CO17,0)-CM15,ROUNDDOWN(O9/CO17,0)-CM15),IF(CO16>CO17,IF(CO15>CO17,ROUNDDOWN(O9/CO17,0),ROUNDDOWN(O9/2/CO17,0)),""))) | CO17: =IF(AC9="","",AH9*(1+BG16)) | CR17: 큰수 | CU17: =IF(Z9="","",IF(CW16<CW17,"",IF(Y23<O9,ROUNDDOWN(Y23/CW17,0),IF(CW15>CW17,ROUNDDOWN(O9/CW17,0),ROUNDDOWN(O9/2/CW17,0))))) | CW17: =IF(AC9="","",AH9*(1+BG16))
B18: 1 | C18: =IF(C7="","",C7) | J18: =IF(E7="","",E7) -> V2.2 | L18: 2 | M18: =IF(C8="","",C8) | T18: =IF(E8="","",E8) -> V2.2 | V18: 3 | W18: =IF(C9="","",C9) | AD18: =IF(E9="","",E9) -> V2.2 | AF18: 4 | AG18: =IF(C10="","",C10) | AN18: =IF(E10="","",E10) -> V2.2 | AP18: 5 | AQ18: =IF(C11="","",C11) | AX18: =IF(E11="","",E11) -> V2.2 | BA18: * 초록색은 LOC 매도 , 파란색은 지정가 매도 | BR18: 매도 | CJ18: 0 | CM18: =IF(Z9="","",IF(AA19>=0.5,(ROUND(Z9/4,0)),"")) | CO18: =IF(AC9="","",AC9*(1+$AV$14)) | CR18: =IF(AD19="","",(J9-AD19*J9/20*(40/M9))) | CU18: =IF(Z9="","",ROUND(Z9/4,0)) | CW18: =IF(AC9="","",IF(AND(39*(M9/40)<AD19,AD19<=40*(M9/40)),"MOC",AC9*(1+$AV$14+CR18)))
C19: =IFERROR(__xludf.DUMMYFUNCTION("IFERROR(IF(G19>=0.5,SPARKLINE(G19,{""charttype"",""bar"";""max"",1;""color1"",""FFB400""}),SPARKLINE(G19,{""charttype"",""bar"";""max"",1;""color1"",""80E12A""})),"""")"),"") | G19: =IFERROR(IF(J19="","",J19/M7),"") | J19: =IFERROR(IF(E24<1,M7,ROUNDUP(E20/O7,1)),"") | M19: =IFERROR(__xludf.DUMMYFUNCTION("IFERROR(IF(Q19>=0.5,SPARKLINE(Q19,{""charttype"",""bar"";""max"",1;""color1"",""FFB400""}),SPARKLINE(Q19,{""charttype"",""bar"";""max"",1;""color1"",""80E12A""})),"""")"),"") | Q19: =IFERROR(IF(T19="","",T19/M8),"") | T19: =IFERROR(IF(O24<1,M8,ROUNDUP(O20/O8,1)),"") | W19: =IFERROR(__xludf.DUMMYFUNCTION("IFERROR(IF(AA19>=0.5,SPARKLINE(AA19,{""charttype"",""bar"";""max"",1;""color1"",""FFB400""}),SPARKLINE(AA19,{""charttype"",""bar"";""max"",1;""color1"",""80E12A""})),"""")"),"") | AA19: =IFERROR(IF(AD19="","",AD19/M9),"") | AD19: =IFERROR(IF(Y24<1,M9,ROUNDUP(Y20/O9,1)),"") | AG19: =IFERROR(__xludf.DUMMYFUNCTION("IFERROR(IF(AK19>=0.5,SPARKLINE(AK19,{""charttype"",""bar"";""max"",1;""color1"",""FFB400""}),SPARKLINE(AK19,{""charttype"",""bar"";""max"",1;""color1"",""80E12A""})),"""")"),"") | AK19: =IFERROR(IF(AN19="","",AN19/M10),"") | AN19: =IFERROR(IF(AI24<1,M10,ROUNDUP(AI20/O10,1)),"") | AQ19: =IFERROR(__xludf.DUMMYFUNCTION("IFERROR(IF(AU19>=0.5,SPARKLINE(AU19,{""charttype"",""bar"";""max"",1;""color1"",""FFB400""}),SPARKLINE(AU19,{""charttype"",""bar"";""max"",1;""color1"",""80E12A""})),"""")"),"") | AU19: =IFERROR(IF(AX19="","",AX19/M11),"") | AX19: =IFERROR(IF(AS24<1,M11,ROUNDUP(AS20/O11,1)),"") | CB19: =$J$9/2 -> 0.05 | CE19: =IF(Z9="","",IF(AA19>=0.5,(ROUND(Z9/2,0)),"")) | CG19: =IF(AC9="","",AC9*(1+J9/2+$AV$14)) | CJ19: =$J$9/2 -> 0.05 | CM19: =IF(Z9="","",ROUND(Z9/4,0)) | CO19: =IF(AC9="","",AC9*(1+J9/2+$AV$14))
B20: 매입금액 | E20: =IF(Z7="","",Z7*AC7) | I20: =IFERROR(__xludf.DUMMYFUNCTION("IFERROR(SPARKLINE(I24,{""charttype"", ""column"";""color"",""FF0000""; ""negcolor"", ""0000FF""; ""ymin"", -0.3 ; ""ymax"", +0.2 ;""axis"",true ; ""axiscolor"",""000000""}),"""")"),"") | L20: 매입금액 | O20: =IF(Z8="","",Z8*AC8) | S20: =IFERROR(__xludf.DUMMYFUNCTION("IFERROR(SPARKLINE(S24,{""charttype"", ""column"";""color"",""FF0000""; ""negcolor"", ""0000FF""; ""ymin"", -0.3 ; ""ymax"", +0.2 ;""axis"",true ; ""axiscolor"",""000000""}),"""")"),"") | V20: 매입금액 | Y20: =IF(Z9="","",Z9*AC9) | AC20: =IFERROR(__xludf.DUMMYFUNCTION("IFERROR(SPARKLINE(AC24,{""charttype"", ""column"";""color"",""FF0000""; ""negcolor"", ""0000FF""; ""ymin"", -0.3 ; ""ymax"", +0.2 ;""axis"",true ; ""axiscolor"",""000000""}),"""")"),"") | AF20: 매입금액 | AI20: =IF(Z10="","",Z10*AC10) | AM20: =IFERROR(__xludf.DUMMYFUNCTION("IFERROR(SPARKLINE(AM24,{""charttype"", ""column"";""color"",""FF0000""; ""negcolor"", ""0000FF""; ""ymin"", -0.3 ; ""ymax"", +0.2 ;""axis"",true ; ""axiscolor"",""000000""}),"""")"),"") | AP20: 매입금액 | AS20: =IF(Z11="","",Z11*AC11) | AW20: =IFERROR(__xludf.DUMMYFUNCTION("IFERROR(SPARKLINE(AW24,{""charttype"", ""column"";""color"",""FF0000""; ""negcolor"", ""0000FF""; ""ymin"", -0.3 ; ""ymax"", +0.2 ;""axis"",true ; ""axiscolor"",""000000""}),"""")"),"") | BA20: 매도 시 손절/이익 간이계산기 | BT20: =$J$9 -> 0.1 | BW20: =IF(Z9="","",Z9) | BY20: =IF(AC9="","",AC9*(1+J9+$AV$14)) | CB20: =$J$9 -> 0.1 | CE20: =IF(CE19="",Z9,Z9-CE19) | CG20: =IF(AC9="","",AC9*(1+J9+$AV$14)) | CJ20: =$J$9 -> 0.1 | CM20: =IF(Z9="","",IF(AA19<0.5,Z9-CM19,Z9-CM18-CM19)) | CO20: =IF(AC9="","",AC9*(1+J9+$AV$14)) | CR20: =$J$9 -> 0.1 | CU20: =IF(Z9="","",Z9-CU18) | CW20: =IF(AC9="","",AC9*(1+J9+$AV$14))
B21: 평가금액 | E21: =IF(Z7="","",Z7*AH7) | L21: 평가금액 | O21: =IF(Z8="","",Z8*AH8) | V21: 평가금액 | Y21: =IF(Z9="","",Z9*AH9) | AF21: 평가금액 | AI21: =IF(Z10="","",Z10*AH10) | AP21: 평가금액 | AS21: =IF(Z11="","",Z11*AH11) | BB21: 수량 | BD21: 매도가 | BF21: 평단가 | BH21: 손익금 | BK21: 시드 | BP21: 4 | BR21: 매수 | BT21: 평단 | BW21: =IF(BY21>BY23,"",IF(AI23<O10,IF(BY22<BY23,ROUNDDOWN(AI23/BY21-BW22,0),ROUNDDOWN(AI23/BY21-BW23,0)),IF(AC10="","",IF(BY22<BY23,ROUNDDOWN(O10/BY21-BW22,0),ROUNDDOWN(O10/BY21-BW23,0))))) | BY21: =IF(AC10="","",AC10) | CB21: 평단 | CE21: =IF(Z10="","",IF(CG21>CG23,"",IF(AK19>=0.5,IF(O10>AI23,ROUNDDOWN(AI23/CG21,0),ROUNDDOWN(O10/CG21,0)),IF(AC10="","",IF(CG22<CG23,ROUNDDOWN(O10/CG21,0)-CE22,ROUNDDOWN(O10/CG21,0)-CE23))))) | CG21: =IF(AC10="","",AC10) | CJ21: 평단 | CM21: =IF(Z10="","",IF(CO21>CO23,"",IF(AK19>=0.5,IF(O10>AI23,ROUNDDOWN(AI23/CO21,0),ROUNDDOWN(O10/CO21,0)),IF(AC10="","",IF(CO22<CO23,ROUNDDOWN(O10/CO21,0)-CM22,ROUNDDOWN(O10/CO21,0)-CM23))))) | CO21: =IF(AC10="","",AC10) | CR21: 평단 | CU21: =IF(CW21>CW23,"",IF(AK19<0.5,IF(AC10="","",IF(CW22<CW23,ROUNDDOWN(O10/CW21,0)-CU22,ROUNDDOWN(O10/CW21,0)-CU23)),"")) | CW21: =IF(AC10="","",AC10)
B22: 손익 | E22: =IF(E21="","",E21-E20) | L22: 손익 | O22: =IF(O21="","",O21-O20) | V22: 손익 | Y22: =IF(Y21="","",Y21-Y20) | AF22: 손익 | AI22: =IF(AI21="","",AI21-AI20) | AP22: 손익 | AS22: =IF(AS21="","",AS21-AS20) | BA22: 1 | BH22: =IF(AND(BD22<>0,BF22<>0),BB22*(BD22-BF22),"") | BT22: =$J$10 -> 0.1 | BW22: =IF(O10>AI23,IF(BY22<BY23,ROUNDDOWN(AI23/2/BY22,0),""),IF(BY22<BY23,ROUNDDOWN(O10/2/BY22,0),"")) | BY22: =IF(AC10="","",AC10*(1+J10)) | CB22: =$J$10/2 -> 0.05 | CE22: =IF(AK19>=0.5,"",IF(CG22<CG23,ROUNDDOWN(O10/2/CG22,0),"")) | CG22: =IF(AC10="","",AC10*(1+J10/2)) | CJ22: =$J$10/2 -> 0.05 | CM22: =IF(AK19>=0.5,"",IF(CO22<CO23,ROUNDDOWN(O10/2/CO22,0),"")) | CO22: =IF(AC10="","",AC10*(1+J10/2)) | CR22: =IF(AN19="",J10,(J10-AN19*J10/20*(40/M10))) -> 0.1 | CU22: =IF(Z10="","",IF(CW22>CW23,"",IF(AK19<0.5,ROUNDDOWN(O10/2/CW22,0),IF(AI23<O10,ROUNDDOWN(AI23/CW22,0),ROUNDDOWN(O10/CW22,0))))) | CW22: =IF(AC10="","",AC10*(1+CR22))
B23: 남은원금 | E23: =IF(E20="","",G7-E20) | L23: 남은원금 | O23: =IF(O20="","",G8-O20) | V23: 남은원금 | Y23: =IF(Y20="","",G9-Y20) | AF23: 남은원금 | AI23: =IF(AI20="","",G10-AI20) | AP23: 남은원금 | AS23: =IF(AS20="","",G11-AS20) | BA23: 2 | BH23: =IF(AND(BD23<>0,BF23<>0),BB23*(BD23-BF23),"") | BT23: 큰수 | BW23: =IF(O10>AI23,IF(BY22>BY23,ROUNDDOWN(AI23/BY23,0),""),IF(BY22>BY23,IF(BY21>BY23,ROUNDDOWN(O10/BY23,0),ROUNDDOWN(O10/2/BY23,0)),"")) | BY23: =IF(AC10="","",AH10*(1+BG16)) | CB23: 큰수 | CE23: =IF(Z10="","",IF(AK19>=0.5,IF(AI23<O10,ROUNDDOWN(AI23/CG23,0)-CE21,ROUNDDOWN(O10/CG23,0)-CE21),IF(CG22>CG23,IF(CG21>CG23,ROUNDDOWN(O10/CG23,0),ROUNDDOWN(O10/2/CG23,0)),""))) | CG23: =IF(AC10="","",AH10*(1+BG16)) | CJ23: 큰수 | CM23: =IF(Z10="","",IF(AK19>=0.5,IF(AI23<O10,ROUNDDOWN(AI23/CO23,0)-CM21,ROUNDDOWN(O10/CO23,0)-CM21),IF(CO22>CO23,IF(CO21>CO23,ROUNDDOWN(O10/CO23,0),ROUNDDOWN(O10/2/CO23,0)),""))) | CO23: =IF(AC10="","",AH10*(1+BG16)) | CR23: 큰수 | CU23: =IF(Z10="","",IF(CW22<CW23,"",IF(AI23<O10,ROUNDDOWN(AI23/CW23,0),IF(CW21>CW23,ROUNDDOWN(O10/CW23,0),ROUNDDOWN(O10/2/CW23,0))))) | CW23: =IF(AC10="","",AH10*(1+BG16))
B24: 매수가능 | E24: =IF(E23="","",ROUNDDOWN(E23/AH7,0)) | I24: =IFERROR(IF(E20="","",(E21-E20)/E20),"") | L24: 매수가능 | O24: =IF(O23="","",ROUNDDOWN(O23/AH8,0)) | S24: =IFERROR(IF(O20="","",(O21-O20)/O20),"") | V24: 매수가능 | Y24: =IF(Y23="","",ROUNDDOWN(Y23/AH9,0)) | AC24: =IFERROR(IF(Y20="","",(Y21-Y20)/Y20),"") | AF24: 매수가능 | AI24: =IF(AI23="","",ROUNDDOWN(AI23/AH10,0)) | AM24: =IFERROR(IF(AI20="","",(AI21-AI20)/AI20),"") | AP24: 매수가능 | AS24: =IF(AS23="","",ROUNDDOWN(AS23/AH11,0)) | AW24: =IFERROR(IF(AS20="","",(AS21-AS20)/AS20),"") | BA24: 3 | BH24: =IF(AND(BD24<>0,BF24<>0),BB24*(BD24-BF24),"") | BR24: 매도 | CJ24: 0 | CM24: =IF(Z10="","",IF(AK19>=0.5,(ROUND(Z10/4,0)),"")) | CO24: =IF(AC10="","",AC10*(1+$AV$14)) | CR24: =IF(AN19="","",(J10-AN19*J10/20*(40/M10))) | CU24: =IF(Z10="","",ROUND(Z10/4,0)) | CW24: =IF(AC10="","",IF(AND(39*(M10/40)<AN19,AN19<=40*(M10/40)),"MOC",AC10*(1+$AV$14+CR24)))
B25: 쿼터손절모드 | G25: FALSE | I25: =IF(AU51="","",AU51) | L25: 쿼터손절모드 | Q25: FALSE | S25: =IF(AU52="","",AU52) | V25: 쿼터손절모드 | AA25: FALSE | AC25: =IF(AU53="","",AU53) | AF25: 쿼터손절모드 | AK25: FALSE | AM25: =IF(AU54="","",AU54) | AP25: 쿼터손절모드 | AU25: FALSE | AW25: =IF(AU55="","",AU55) | BA25: 4 | BH25: =IF(AND(BD25<>0,BF25<>0),BB25*(BD25-BF25),"") | CB25: =$J$10/2 -> 0.05 | CE25: =IF(Z10="","",IF(AK19>=0.5,(ROUND(Z10/2,0)),"")) | CG25: =IF(AC10="","",AC10*(1+J10/2+$AV$14)) | CJ25: =$J$10/2 -> 0.05 | CM25: =IF(Z10="","",ROUND(Z10/4,0)) | CO25: =IF(AC10="","",AC10*(1+J10/2+$AV$14))
B26: 매수 | D26: =IF($J$18="V1",BT3,IF($J$18="V2",CB3,IF($J$18="V2.1",CJ3,IF($J$18="V2.2",CR3,"")))) -> 평단 | G26: =IF($J$18="V1",BW3,IF($J$18="V2",CE3,IF($J$18="V2.1",CM3,IF($J$18="V2.2",CU3,"")))) | I26: =IF($J$18="V1",BY3,IF($J$18="V2",CG3,IF($J$18="V2.1",CO3,IF($J$18="V2.2",CW3,"")))) | L26: 매수 | N26: =IF($T$18="V1",BT9,IF($T$18="V2",CB9,IF($T$18="V2.1",CJ9,IF($T$18="V2.2",CR9,"")))) -> 평단 | Q26: =IF($T$18="V1",BW9,IF($T$18="V2",CE9,IF($T$18="V2.1",CM9,IF($T$18="V2.2",CU9,"")))) | S26: =IF($T$18="V1",BY9,IF($T$18="V2",CG9,IF($T$18="V2.1",CO9,IF($T$18="V2.2",CW9,"")))) | V26: 매수 | X26: =IF($AD$18="V1",BT15,IF($AD$18="V2",CB15,IF($AD$18="V2.1",CJ15,IF($AD$18="V2.2",CR15,"")))) -> 평단 | AA26: =IF($AD$18="V1",BW15,IF($AD$18="V2",CE15,IF($AD$18="V2.1",CM15,IF($AD$18="V2.2",CU15,"")))) | AC26: =IF($AD$18="V1",BY15,IF($AD$18="V2",CG15,IF($AD$18="V2.1",CO15,IF($AD$18="V2.2",CW15,"")))) | AF26: 매수 | AH26: =IF($AN$18="V1",BT21,IF($AN$18="V2",CB21,IF($AN$18="V2.1",CJ21,IF($AN$18="V2.2",CR21,"")))) -> 평단 | AK26: =IF($AN$18="V1",BW21,IF($AN$18="V2",CE21,IF($AN$18="V2.1",CM21,IF($AN$18="V2.2",CU21,"")))) | AM26: =IF($AN$18="V1",BY21,IF($AN$18="V2",CG21,IF($AN$18="V2.1",CO21,IF($AN$18="V2.2",CW21,"")))) | AP26: 매수 | AR26: =IF($AX$18="V1",BT27,IF($AX$18="V2",CB27,IF($AX$18="V2.1",CJ27,IF($AX$18="V2.2",CR27,"")))) -> 평단 | AU26: =IF($AX$18="V1",BW27,IF($AX$18="V2",CE27,IF($AX$18="V2.1",CM27,IF($AX$18="V2.2",CU27,"")))) | AW26: =IF($AX$18="V1",BY27,IF($AX$18="V2",CG27,IF($AX$18="V2.1",CO27,IF($AX$18="V2.2",CW27,"")))) | BA26: 5 | BH26: =IF(AND(BD26<>0,BF26<>0),BB26*(BD26-BF26),"") | BT26: =$J$10 -> 0.1 | BW26: =IF(Z10="","",Z10) | BY26: =IF(AC10="","",AC10*(1+J10+$AV$14)) | CB26: =$J$10 -> 0.1 | CE26: =IF(CE25="",Z10,Z10-CE25) | CG26: =IF(AC10="","",AC10*(1+J10+$AV$14)) | CJ26: =$J$10 -> 0.1 | CM26: =IF(Z10="","",IF(AK19<0.5,Z10-CM25,Z10-CM24-CM25)) | CO26: =IF(AC10="","",AC10*(1+J10+$AV$14)) | CR26: =$J$10 -> 0.1 | CU26: =IF(Z10="","",Z10-CU24) | CW26: =IF(AC10="","",AC10*(1+J10+$AV$14))
D27: =IF($J$18="V1",BT4,IF($J$18="V2",CB4,IF($J$18="V2.1",CJ4,IF($J$18="V2.2",CR4,"")))) -> 0.1 | G27: =IF($J$18="V1",BW4,IF($J$18="V2",CE4,IF($J$18="V2.1",CM4,IF($J$18="V2.2",CU4,"")))) | I27: =IF($J$18="V1",BY4,IF($J$18="V2",CG4,IF($J$18="V2.1",CO4,IF($J$18="V2.2",CW4,"")))) | N27: =IF($T$18="V1",BT10,IF($T$18="V2",CB10,IF($T$18="V2.1",CJ10,IF($T$18="V2.2",CR10,"")))) -> 0.1 | Q27: =IF($T$18="V1",BW10,IF($T$18="V2",CE10,IF($T$18="V2.1",CM10,IF($T$18="V2.2",CU10,"")))) | S27: =IF($T$18="V1",BY10,IF($T$18="V2",CG10,IF($T$18="V2.1",CO10,IF($T$18="V2.2",CW10,"")))) | X27: =IF($AD$18="V1",BT16,IF($AD$18="V2",CB16,IF($AD$18="V2.1",CJ16,IF($AD$18="V2.2",CR16,"")))) -> 0.1 | AA27: =IF($AD$18="V1",BW16,IF($AD$18="V2",CE16,IF($AD$18="V2.1",CM16,IF($AD$18="V2.2",CU16,"")))) | AC27: =IF($AD$18="V1",BY16,IF($AD$18="V2",CG16,IF($AD$18="V2.1",CO16,IF($AD$18="V2.2",CW16,"")))) | AH27: =IF($AN$18="V1",BT22,IF($AN$18="V2",CB22,IF($AN$18="V2.1",CJ22,IF($AN$18="V2.2",CR22,"")))) -> 0.1 | AK27: =IF($AN$18="V1",BW22,IF($AN$18="V2",CE22,IF($AN$18="V2.1",CM22,IF($AN$18="V2.2",CU22,"")))) | AM27: =IF($AN$18="V1",BY22,IF($AN$18="V2",CG22,IF($AN$18="V2.1",CO22,IF($AN$18="V2.2",CW22,"")))) | AR27: =IF($AX$18="V1",BT28,IF($AX$18="V2",CB28,IF($AX$18="V2.1",CJ28,IF($AX$18="V2.2",CR28,"")))) -> 0.1 | AU27: =IF($AX$18="V1",BW28,IF($AX$18="V2",CE28,IF($AX$18="V2.1",CM28,IF($AX$18="V2.2",CU28,"")))) | AW27: =IF($AX$18="V1",BY28,IF($AX$18="V2",CG28,IF($AX$18="V2.1",CO28,IF($AX$18="V2.2",CW28,"")))) | BA27: 6 | BH27: =IF(AND(BD27<>0,BF27<>0),BB27*(BD27-BF27),"") | BP27: 5 | BR27: 매수 | BT27: 평단 | BW27: =IF(BY27>BY29,"",IF(AS23<O11,IF(BY28<BY29,ROUNDDOWN(AS23/BY27-BW28,0),ROUNDDOWN(AS23/BY27-BW29,0)),IF(AC11="","",IF(BY28<BY29,ROUNDDOWN(O11/BY27-BW28,0),ROUNDDOWN(O11/BY27-BW29,0))))) | BY27: =IF(AC11="","",AC11) | CB27: 평단 | CE27: =IF(Z11="","",IF(CG27>CG29,"",IF(AU19>=0.5,IF(O11>AS23,ROUNDDOWN(AS23/CG27,0),ROUNDDOWN(O11/CG27,0)),IF(AC11="","",IF(CG28<CG29,ROUNDDOWN(O11/CG27,0)-CE28,ROUNDDOWN(O11/CG27,0)-CE29))))) | CG27: =IF(AC11="","",AC11) | CJ27: 평단 | CM27: =IF(Z11="","",IF(CO27>CO29,"",IF(AU19>=0.5,IF(O11>AS23,ROUNDDOWN(AS23/CO27,0),ROUNDDOWN(O11/CO27,0)),IF(AC11="","",IF(CO28<CO29,ROUNDDOWN(O11/CO27,0)-CM28,ROUNDDOWN(O11/CO27,0)-CM29))))) | CO27: =IF(AC11="","",AC11) | CR27: 평단 | CU27: =IF(CW27>CW29,"",IF(AU19<0.5,IF(AC11="","",IF(CW28<CW29,ROUNDDOWN(O11/CW27,0)-CU28,ROUNDDOWN(O11/CW27,0)-CU29)),"")) | CW27: =IF(AC11="","",AC11)
D28: =IF($J$18="V1",BT5,IF($J$18="V2",CB5,IF($J$18="V2.1",CJ5,IF($J$18="V2.2",CR5,"")))) -> 큰수 | G28: =IF($J$18="V1",BW5,IF($J$18="V2",CE5,IF($J$18="V2.1",CM5,IF($J$18="V2.2",CU5,"")))) | I28: =IF($J$18="V1",BY5,IF($J$18="V2",CG5,IF($J$18="V2.1",CO5,IF($J$18="V2.2",CW5,"")))) | N28: =IF($T$18="V1",BT11,IF($T$18="V2",CB11,IF($T$18="V2.1",CJ11,IF($T$18="V2.2",CR11,"")))) -> 큰수 | Q28: =IF($T$18="V1",BW11,IF($T$18="V2",CE11,IF($T$18="V2.1",CM11,IF($T$18="V2.2",CU11,"")))) | S28: =IF($T$18="V1",BY11,IF($T$18="V2",CG11,IF($T$18="V2.1",CO11,IF($T$18="V2.2",CW11,"")))) | X28: =IF($AD$18="V1",BT17,IF($AD$18="V2",CB17,IF($AD$18="V2.1",CJ17,IF($AD$18="V2.2",CR17,"")))) -> 큰수 | AA28: =IF($AD$18="V1",BW17,IF($AD$18="V2",CE17,IF($AD$18="V2.1",CM17,IF($AD$18="V2.2",CU17,"")))) | AC28: =IF($AD$18="V1",BY17,IF($AD$18="V2",CG17,IF($AD$18="V2.1",CO17,IF($AD$18="V2.2",CW17,"")))) | AH28: =IF($AN$18="V1",BT23,IF($AN$18="V2",CB23,IF($AN$18="V2.1",CJ23,IF($AN$18="V2.2",CR23,"")))) -> 큰수 | AK28: =IF($AN$18="V1",BW23,IF($AN$18="V2",CE23,IF($AN$18="V2.1",CM23,IF($AN$18="V2.2",CU23,"")))) | AM28: =IF($AN$18="V1",BY23,IF($AN$18="V2",CG23,IF($AN$18="V2.1",CO23,IF($AN$18="V2.2",CW23,"")))) | AR28: =IF($AX$18="V1",BT29,IF($AX$18="V2",CB29,IF($AX$18="V2.1",CJ29,IF($AX$18="V2.2",CR29,"")))) -> 큰수 | AU28: =IF($AX$18="V1",BW29,IF($AX$18="V2",CE29,IF($AX$18="V2.1",CM29,IF($AX$18="V2.2",CU29,"")))) | AW28: =IF($AX$18="V1",BY29,IF($AX$18="V2",CG29,IF($AX$18="V2.1",CO29,IF($AX$18="V2.2",CW29,"")))) | BA28: 7 | BH28: =IF(AND(BD28<>0,BF28<>0),BB28*(BD28-BF28),"") | BT28: =$J$11 -> 0.1 | BW28: =IF(O11>AS23,IF(BY28<BY29,ROUNDDOWN(AS23/2/BY28,0),""),IF(BY28<BY29,ROUNDDOWN(O11/2/BY28,0),"")) | BY28: =IF(AC11="","",AC11*(1+J11)) | CB28: =$J$11/2 -> 0.05 | CE28: =IF(AU19>=0.5,"",IF(CG28<CG29,ROUNDDOWN(O11/2/CG28,0),"")) | CG28: =IF(AC11="","",AC11*(1+J11/2)) | CJ28: =$J$11/2 -> 0.05 | CM28: =IF(AU19>=0.5,"",IF(CO28<CO29,ROUNDDOWN(O11/2/CO28,0),"")) | CO28: =IF(AC11="","",AC11*(1+J11/2)) | CR28: =IF(AX19="",J11,(J11-AX19*J11/20*(40/M11))) -> 0.1 | CU28: =IF(Z11="","",IF(CW28>CW29,"",IF(AU19<0.5,ROUNDDOWN(O11/2/CW28,0),IF(AS23<O11,ROUNDDOWN(AI23/CW28,0),ROUNDDOWN(O11/CW28,0))))) | CW28: =IF(AC11="","",AC11*(1+CR28))
B29: 매도 | D29: =IF($J$18="V1",BT6,IF($J$18="V2",CB6,IF($J$18="V2.1",CJ6,IF($J$18="V2.2",CR6,"")))) | G29: =IF($J$18="V1",BW6,IF($J$18="V2",CE6,IF($J$18="V2.1",CM6,IF($J$18="V2.2",CU6,"")))) | I29: =IF($J$18="V1",BY6,IF($J$18="V2",CG6,IF($J$18="V2.1",CO6,IF($J$18="V2.2",CW6,"")))) | L29: 매도 | N29: =IF($T$18="V1",BT12,IF($T$18="V2",CB12,IF($T$18="V2.1",CJ12,IF($T$18="V2.2",CR12,"")))) | Q29: =IF($T$18="V1",BW12,IF($T$18="V2",CE12,IF($T$18="V2.1",CM12,IF($T$18="V2.2",CU12,"")))) | S29: =IF($T$18="V1",BY12,IF($T$18="V2",CG12,IF($T$18="V2.1",CO12,IF($T$18="V2.2",CW12,"")))) | V29: 매도 | X29: =IF($AD$18="V1",BT18,IF($AD$18="V2",CB18,IF($AD$18="V2.1",CJ18,IF($AD$18="V2.2",CR18,"")))) | AA29: =IF($AD$18="V1",BW18,IF($AD$18="V2",CE18,IF($AD$18="V2.1",CM18,IF($AD$18="V2.2",CU18,"")))) | AC29: =IF($AD$18="V1",BY18,IF($AD$18="V2",CG18,IF($AD$18="V2.1",CO18,IF($AD$18="V2.2",CW18,"")))) | AF29: 매도 | AH29: =IF($AN$18="V1",BT24,IF($AN$18="V2",CB24,IF($AN$18="V2.1",CJ24,IF($AN$18="V2.2",CR24,"")))) | AK29: =IF($AN$18="V1",BW24,IF($AN$18="V2",CE24,IF($AN$18="V2.1",CM24,IF($AN$18="V2.2",CU24,"")))) | AM29: =IF($AN$18="V1",BY24,IF($AN$18="V2",CG24,IF($AN$18="V2.1",CO24,IF($AN$18="V2.2",CW24,"")))) | AP29: 매도 | AR29: =IF($AX$18="V1",BT30,IF($AX$18="V2",CB30,IF($AX$18="V2.1",CJ30,IF($AX$18="V2.2",CR30,"")))) | AU29: =IF($AX$18="V1",BW30,IF($AX$18="V2",CE30,IF($AX$18="V2.1",CM30,IF($AX$18="V2.2",CU30,"")))) | AW29: =IF($AX$18="V1",BY30,IF($AX$18="V2",CG30,IF($AX$18="V2.1",CO30,IF($AX$18="V2.2",CW30,"")))) | BA29: 8 | BH29: =IF(AND(BD29<>0,BF29<>0),BB29*(BD29-BF29),"") | BT29: 큰수 | BW29: =IF(O11>AS23,IF(BY28>BY29,ROUNDDOWN(AS23/BY29,0),""),IF(BY28>BY29,IF(BY27>BY29,ROUNDDOWN(O11/BY29,0),ROUNDDOWN(O11/2/BY29,0)),"")) | BY29: =IF(AC11="","",AH11*(1+BG16)) | CB29: 큰수 | CE29: =IF(Z11="","",IF(AU19>=0.5,IF(AS23<O11,ROUNDDOWN(AS23/CG29,0)-CE27,ROUNDDOWN(O11/CG29,0)-CE27),IF(CG28>CG29,IF(CG27>CG29,ROUNDDOWN(O11/CG29,0),ROUNDDOWN(O11/2/CG29,0)),""))) | CG29: =IF(AC11="","",AH11*(1+BG16)) | CJ29: 큰수 | CM29: =IF(Z11="","",IF(AU19>=0.5,IF(AS23<O11,ROUNDDOWN(AS23/CO29,0)-CM27,ROUNDDOWN(O11/CO29,0)-CM27),IF(CO28>CO29,IF(CO27>CO29,ROUNDDOWN(O11/CO29,0),ROUNDDOWN(O11/2/CO29,0)),""))) | CO29: =IF(AC11="","",AH11*(1+BG16)) | CR29: 큰수 | CU29: =IF(Z11="","",IF(CW28<CW29,"",IF(AS23<O11,ROUNDDOWN(AS23/CW29,0),IF(CW27>CW29,ROUNDDOWN(O11/CW29,0),ROUNDDOWN(O11/2/CW29,0))))) | CW29: =IF(AC11="","",AH11*(1+BG16))
D30: =IF($J$18="V1",BT7,IF($J$18="V2",CB7,IF($J$18="V2.1",CJ7,IF($J$18="V2.2",CR7,"")))) | G30: =IF($J$18="V1",BW7,IF($J$18="V2",CE7,IF($J$18="V2.1",CM7,IF($J$18="V2.2",CU7,"")))) | I30: =IF($J$18="V1",BY7,IF($J$18="V2",CG7,IF($J$18="V2.1",CO7,IF($J$18="V2.2",CW7,"")))) | N30: =IF($T$18="V1",BT13,IF($T$18="V2",CB13,IF($T$18="V2.1",CJ13,IF($T$18="V2.2",CR13,"")))) | Q30: =IF($T$18="V1",BW13,IF($T$18="V2",CE13,IF($T$18="V2.1",CM13,IF($T$18="V2.2",CU13,"")))) | S30: =IF($T$18="V1",BY13,IF($T$18="V2",CG13,IF($T$18="V2.1",CO13,IF($T$18="V2.2",CW13,"")))) | X30: =IF($AD$18="V1",BT19,IF($AD$18="V2",CB19,IF($AD$18="V2.1",CJ19,IF($AD$18="V2.2",CR19,"")))) | AA30: =IF($AD$18="V1",BW19,IF($AD$18="V2",CE19,IF($AD$18="V2.1",CM19,IF($AD$18="V2.2",CU19,"")))) | AC30: =IF($AD$18="V1",BY19,IF($AD$18="V2",CG19,IF($AD$18="V2.1",CO19,IF($AD$18="V2.2",CW19,"")))) | AH30: =IF($AN$18="V1",BT25,IF($AN$18="V2",CB25,IF($AN$18="V2.1",CJ25,IF($AN$18="V2.2",CR25,"")))) | AK30: =IF($AN$18="V1",BW25,IF($AN$18="V2",CE25,IF($AN$18="V2.1",CM25,IF($AN$18="V2.2",CU25,"")))) | AM30: =IF($AN$18="V1",BY25,IF($AN$18="V2",CG25,IF($AN$18="V2.1",CO25,IF($AN$18="V2.2",CW25,"")))) | AR30: =IF($AX$18="V1",BT31,IF($AX$18="V2",CB31,IF($AX$18="V2.1",CJ31,IF($AX$18="V2.2",CR31,"")))) | AU30: =IF($AX$18="V1",BW31,IF($AX$18="V2",CE31,IF($AX$18="V2.1",CM31,IF($AX$18="V2.2",CU31,"")))) | AW30: =IF($AX$18="V1",BY31,IF($AX$18="V2",CG31,IF($AX$18="V2.1",CO31,IF($AX$18="V2.2",CW31,"")))) | BA30: 9 | BH30: =IF(AND(BD30<>0,BF30<>0),BB30*(BD30-BF30),"") | BR30: 매도 | CJ30: 0 | CM30: =IF(Z11="","",IF(AU19>=0.5,(ROUND(Z11/4,0)),"")) | CO30: =IF(AC11="","",AC11*(1+$AV$14)) | CR30: =IF(AX19="","",(J11-AX19*J11/20*(40/M11))) | CU30: =IF(Z11="","",ROUND(Z11/4,0)) | CW30: =IF(AC11="","",IF(AND(39*(M11/40)<AX19,AX19<=40*(M11/40)),"MOC",AC11*(1+$AV$14+CR30)))
D31: =IF($J$18="V1",BT8,IF($J$18="V2",CB8,IF($J$18="V2.1",CJ8,IF($J$18="V2.2",CR8,"")))) -> 0.1 | G31: =IF($J$18="V1",BW8,IF($J$18="V2",CE8,IF($J$18="V2.1",CM8,IF($J$18="V2.2",CU8,"")))) | I31: =IF($J$18="V1",BY8,IF($J$18="V2",CG8,IF($J$18="V2.1",CO8,IF($J$18="V2.2",CW8,"")))) | N31: =IF($T$18="V1",BT14,IF($T$18="V2",CB14,IF($T$18="V2.1",CJ14,IF($T$18="V2.2",CR14,"")))) -> 0.1 | Q31: =IF($T$18="V1",BW14,IF($T$18="V2",CE14,IF($T$18="V2.1",CM14,IF($T$18="V2.2",CU14,"")))) | S31: =IF($T$18="V1",BY14,IF($T$18="V2",CG14,IF($T$18="V2.1",CO14,IF($T$18="V2.2",CW14,"")))) | X31: =IF($AD$18="V1",BT20,IF($AD$18="V2",CB20,IF($AD$18="V2.1",CJ20,IF($AD$18="V2.2",CR20,"")))) -> 0.1 | AA31: =IF($AD$18="V1",BW20,IF($AD$18="V2",CE20,IF($AD$18="V2.1",CM20,IF($AD$18="V2.2",CU20,"")))) | AC31: =IF($AD$18="V1",BY20,IF($AD$18="V2",CG20,IF($AD$18="V2.1",CO20,IF($AD$18="V2.2",CW20,"")))) | AH31: =IF($AN$18="V1",BT26,IF($AN$18="V2",CB26,IF($AN$18="V2.1",CJ26,IF($AN$18="V2.2",CR26,"")))) -> 0.1 | AK31: =IF($AN$18="V1",BW26,IF($AN$18="V2",CE26,IF($AN$18="V2.1",CM26,IF($AN$18="V2.2",CU26,"")))) | AM31: =IF($AN$18="V1",BY26,IF($AN$18="V2",CG26,IF($AN$18="V2.1",CO26,IF($AN$18="V2.2",CW26,"")))) | AR31: =IF($AX$18="V1",BT32,IF($AX$18="V2",CB32,IF($AX$18="V2.1",CJ32,IF($AX$18="V2.2",CR32,"")))) -> 0.1 | AU31: =IF($AX$18="V1",BW32,IF($AX$18="V2",CE32,IF($AX$18="V2.1",CM32,IF($AX$18="V2.2",CU32,"")))) | AW31: =IF($AX$18="V1",BY32,IF($AX$18="V2",CG32,IF($AX$18="V2.1",CO32,IF($AX$18="V2.2",CW32,"")))) | BA31: 10 | BH31: =IF(AND(BD31<>0,BF31<>0),BB31*(BD31-BF31),"") | CB31: 0.05 | CE31: =IF(Z11="","",IF(AU19>=0.5,(ROUND(Z11/2,0)),"")) | CG31: =IF(AC11="","",AC11*(1+J11/2+$AV$14)) | CJ31: 0.05 | CM31: =IF(Z11="","",ROUND(Z11/4,0)) | CO31: =IF(AC11="","",AC11*(1+J11/2+$AV$14))
B32: ! 초록색은 LOC , 파란색은 지정가 ! | BT32: =$J$11 -> 0.1 | BW32: =IF(Z11="","",Z11) | BY32: =IF(AC11="","",AC11*(1+J11+$AV$14)) | CB32: =$J$11 -> 0.1 | CE32: =IF(CE31="",Z11,Z11-CE31) | CG32: =IF(AC11="","",AC11*(1+J11+$AV$14)) | CJ32: =$J$11 -> 0.1 | CM32: =IF(Z11="","",IF(AU19<0.5,Z11-CM31,Z11-CM30-CM31)) | CO32: =IF(AC11="","",AC11*(1+J11+$AV$14)) | CR32: =$J$11 -> 0.1 | CU32: =IF(Z11="","",Z11-CU30) | CW32: =IF(AC11="","",AC11*(1+J11+$AV$14))
B33: 6 | C33: =IF(C12="","",C12) | J33: =IF(E12="","",E12) -> V2.2 | L33: 7 | M33: =IF(C13="","",C13) | T33: =IF(E13="","",E13) -> V2.2 | V33: 8 | W33: =IF(C14="","",C14) | AD33: =IF(E14="","",E14) -> V2.2 | AF33: 9 | AG33: =IF(C15="","",C15) | AN33: =IF(E15="","",E15) -> V2.2 | AP33: 10 | AQ33: =IF(C16="","",C16) | AX33: =IF(E16="","",E16) -> V2.2 | BA33: 메모 1 | BP33: 6 | BR33: 매수 | BT33: 평단 | BW33: =IF(BY33>BY35,"",IF(E38<O12,IF(BY34<BY35,ROUNDDOWN(E38/BY33-BW34,0),ROUNDDOWN(E38/BY33-BW35,0)),IF(AC12="","",IF(BY34<BY35,ROUNDDOWN(O12/BY33-BW34,0),ROUNDDOWN(O12/BY33-BW35,0))))) | BY33: =IF(AC12="","",AC12) | CB33: 평단 | CE33: =IF(Z12="","",IF(CG33>CG35,"",IF(G34>=0.5,IF(O12>E38,ROUNDDOWN(E38/CG33,0),ROUNDDOWN(O12/CG33,0)),IF(AC12="","",IF(CG34<CG35,ROUNDDOWN(O12/CG33,0)-CE34,ROUNDDOWN(O12/CG33,0)-CE35))))) | CG33: =IF(AC12="","",AC12) | CJ33: 평단 | CM33: =IF(Z12="","",IF(CO33>CO35,"",IF(G34>=0.5,IF(O12>E38,ROUNDDOWN(E38/CO33,0),ROUNDDOWN(O12/CO33,0)),IF(AC12="","",IF(CO34<CO35,ROUNDDOWN(O12/CO33,0)-CM34,ROUNDDOWN(O12/CO33,0)-CM35))))) | CO33: =IF(AC12="","",AC12) | CR33: 평단 | CU33: =IF(CW33>CW35,"",IF(G34<0.5,IF(AC12="","",IF(CW34<CW35,ROUNDDOWN(O12/CW33,0)-CU34,ROUNDDOWN(O12/CW33,0)-CU35)),"")) | CW33: =IF(AC12="","",AC12)
C34: =IFERROR(__xludf.DUMMYFUNCTION("IFERROR(IF(G34>=0.5,SPARKLINE(G34,{""charttype"",""bar"";""max"",1;""color1"",""FFB400""}),SPARKLINE(G34,{""charttype"",""bar"";""max"",1;""color1"",""80E12A""})),"""")"),"") | G34: =IFERROR(IF(J34="","",J34/M12),"") | J34: =IFERROR(IF(E39<1,M12,ROUNDUP(E35/O12,1)),"") | M34: =IFERROR(__xludf.DUMMYFUNCTION("IFERROR(IF(Q34>=0.5,SPARKLINE(Q34,{""charttype"",""bar"";""max"",1;""color1"",""FFB400""}),SPARKLINE(Q34,{""charttype"",""bar"";""max"",1;""color1"",""80E12A""})),"""")"),"") | Q34: =IFERROR(IF(T34="","",T34/M13),"") | T34: =IFERROR(IF(O39<1,M13,ROUNDUP(O35/O13,1)),"") | W34: =IFERROR(__xludf.DUMMYFUNCTION("IFERROR(IF(AA34>=0.5,SPARKLINE(AA34,{""charttype"",""bar"";""max"",1;""color1"",""FFB400""}),SPARKLINE(AA34,{""charttype"",""bar"";""max"",1;""color1"",""80E12A""})),"""")"),"") | AA34: =IFERROR(IF(AD34="","",AD34/M14),"") | AD34: =IFERROR(IF(Y39<1,M14,ROUNDUP(Y35/O14,1)),"") | AG34: =IFERROR(__xludf.DUMMYFUNCTION("IFERROR(IF(AK34>=0.5,SPARKLINE(AK34,{""charttype"",""bar"";""max"",1;""color1"",""FFB400""}),SPARKLINE(AK34,{""charttype"",""bar"";""max"",1;""color1"",""80E12A""})),"""")"),"") | AK34: =IFERROR(IF(AN34="","",AN34/M15),"") | AN34: =IFERROR(IF(AI39<1,M15,ROUNDUP(AI35/O15,1)),"") | AQ34: =IFERROR(__xludf.DUMMYFUNCTION("IFERROR(IF(AU34>=0.5,SPARKLINE(AU34,{""charttype"",""bar"";""max"",1;""color1"",""FFB400""}),SPARKLINE(AU34,{""charttype"",""bar"";""max"",1;""color1"",""80E12A""})),"""")"),"") | AU34: =IFERROR(IF(AX34="","",AX34/M16),"") | AX34: =IFERROR(IF(AS39<1,M16,ROUNDUP(AS35/O16,1)),"") | BT34: =$J$12 -> 0.1 | BW34: =IF(O12>E38,IF(BY34<BY35,ROUNDDOWN(E38/2/BY34,0),""),IF(BY34<BY35,ROUNDDOWN(O12/2/BY34,0),"")) | BY34: =IF(AC12="","",AC12*(1+J12)) | CB34: =$J$12/2 -> 0.05 | CE34: =IF(G34>=0.5,"",IF(CG34<CG35,ROUNDDOWN(O12/2/CG34,0),"")) | CG34: =IF(AC12="","",AC12*(1+J12/2)) | CJ34: =$J$12/2 -> 0.05 | CM34: =IF(G34>=0.5,"",IF(CO34<CO35,ROUNDDOWN(O12/2/CO34,0),"")) | CO34: =IF(AC12="","",AC12*(1+J12/2)) | CR34: =IF(J34="",J12,(J12-J34*J12/20*(40/M12))) -> 0.1 | CU34: =IF(Z12="","",IF(CW34>CW35,"",IF(G34<0.5,ROUNDDOWN(O12/2/CW34,0),IF(E38<O12,ROUNDDOWN(E38/CW34,0),ROUNDDOWN(O12/CW34,0))))) | CW34: =IF(AC12="","",AC12*(1+CR34))
B35: 매입금액 | E35: =IF(Z12="","",Z12*AC12) | I35: =IFERROR(__xludf.DUMMYFUNCTION("IFERROR(SPARKLINE(I39,{""charttype"", ""column"";""color"",""FF0000""; ""negcolor"", ""0000FF""; ""ymin"", -0.3 ; ""ymax"", +0.2 ;""axis"",true ; ""axiscolor"",""000000""}),"""")"),"") | L35: 매입금액 | O35: =IF(Z13="","",Z13*AC13) | S35: =IFERROR(__xludf.DUMMYFUNCTION("IFERROR(SPARKLINE(S39,{""charttype"", ""column"";""color"",""FF0000""; ""negcolor"", ""0000FF""; ""ymin"", -0.3 ; ""ymax"", +0.2 ;""axis"",true ; ""axiscolor"",""000000""}),"""")"),"") | V35: 매입금액 | Y35: =IF(Z14="","",Z14*AC14) | AC35: =IFERROR(__xludf.DUMMYFUNCTION("IFERROR(SPARKLINE(AC39,{""charttype"", ""column"";""color"",""FF0000""; ""negcolor"", ""0000FF""; ""ymin"", -0.3 ; ""ymax"", +0.2 ;""axis"",true ; ""axiscolor"",""000000""}),"""")"),"") | AF35: 매입금액 | AI35: =IF(Z15="","",Z15*AC15) | AM35: =IFERROR(__xludf.DUMMYFUNCTION("IFERROR(SPARKLINE(AM39,{""charttype"", ""column"";""color"",""FF0000""; ""negcolor"", ""0000FF""; ""ymin"", -0.3 ; ""ymax"", +0.2 ;""axis"",true ; ""axiscolor"",""000000""}),"""")"),"") | AP35: 매입금액 | AS35: =IF(Z16="","",Z16*AC16) | AW35: =IFERROR(__xludf.DUMMYFUNCTION("IFERROR(SPARKLINE(AW39,{""charttype"", ""column"";""color"",""FF0000""; ""negcolor"", ""0000FF""; ""ymin"", -0.3 ; ""ymax"", +0.2 ;""axis"",true ; ""axiscolor"",""000000""}),"""")"),"") | BT35: 큰수 | BW35: =IF(O12>E38,IF(BY34>BY35,ROUNDDOWN(E38/BY35,0),""),IF(BY34>BY35,IF(BY33>BY35,ROUNDDOWN(O12/BY35,0),ROUNDDOWN(O12/2/BY35,0)),"")) | BY35: =IF(AC12="","",AH12*(1+BG16)) | CB35: 큰수 | CE35: =IF(Z12="","",IF(G34>=0.5,IF(E38<O12,ROUNDDOWN(E38/CG35,0)-CE33,ROUNDDOWN(O12/CG35,0)-CE33),IF(CG34>CG35,IF(CG33>CG35,ROUNDDOWN(O12/CG35,0),ROUNDDOWN(O12/2/CG35,0)),""))) | CG35: =IF(AC12="","",AH12*(1+BG16)) | CJ35: 큰수 | CM35: =IF(Z12="","",IF(G34>=0.5,IF(E38<O12,ROUNDDOWN(E38/CO35,0)-CM33,ROUNDDOWN(O12/CO35,0)-CM33),IF(CO34>CO35,IF(CO33>CO35,ROUNDDOWN(O12/CO35,0),ROUNDDOWN(O12/2/CO35,0)),""))) | CO35: =IF(AC12="","",AH12*(1+BG16)) | CR35: 큰수 | CU35: =IF(Z12="","",IF(CW34<CW35,"",IF(E38<O12,ROUNDDOWN(E38/CW35,0),IF(CW33>CW35,ROUNDDOWN(O12/CW35,0),ROUNDDOWN(O12/2/CW35,0))))) | CW35: =IF(AC12="","",AH12*(1+BG16))
B36: 평가금액 | E36: =IF(Z12="","",Z12*AH12) | L36: 평가금액 | O36: =IF(Z13="","",Z13*AH13) | V36: 평가금액 | Y36: =IF(Z14="","",Z14*AH14) | AF36: 평가금액 | AI36: =IF(Z15="","",Z15*AH15) | AP36: 평가금액 | AS36: =IF(Z16="","",Z16*AH16) | BR36: 매도 | CJ36: 0 | CM36: =IF(Z12="","",IF(G34>=0.5,(ROUND(Z12/4,0)),"")) | CO36: =IF(AC12="","",AC12*(1+$AV$14)) | CR36: =IF(J34="","",(J12-J34*J12/20*(40/M12))) | CU36: =IF(Z12="","",ROUND(Z12/4,0)) | CW36: =IF(AC12="","",IF(AND(39*(M12/40)<J34,J34<=40*(M12/40)),"MOC",AC12*(1+$AV$14+CR36)))
B37: 손익 | E37: =IF(E36="","",E36-E35) | L37: 손익 | O37: =IF(O36="","",O36-O35) | V37: 손익 | Y37: =IF(Y36="","",Y36-Y35) | AF37: 손익 | AI37: =IF(AI36="","",AI36-AI35) | AP37: 손익 | AS37: =IF(AS36="","",AS36-AS35) | CB37: =$J$12/2 -> 0.05 | CE37: =IF(Z12="","",IF(G34>=0.5,(ROUND(Z12/2,0)),"")) | CG37: =IF(AC12="","",AC12*(1+J12/2+$AV$14)) | CJ37: =$J$12/2 -> 0.05 | CM37: =IF(Z12="","",ROUND(Z12/4,0)) | CO37: =IF(AC12="","",AC12*(1+J12/2+$AV$14))
B38: 남은원금 | E38: =IF(E35="","",G12-E35) | L38: 남은원금 | O38: =IF(O35="","",G13-O35) | V38: 남은원금 | Y38: =IF(Y35="","",G14-Y35) | AF38: 남은원금 | AI38: =IF(AI35="","",G15-AI35) | AP38: 남은원금 | AS38: =IF(AS35="","",G16-AS35) | BT38: =$J$12 -> 0.1 | BW38: =IF(Z12="","",Z12) | BY38: =IF(AC12="","",AC12*(1+J12+$AV$14)) | CB38: =$J$12 -> 0.1 | CE38: =IF(CE37="",Z12,Z12-CE37) | CG38: =IF(AC12="","",AC12*(1+J12+$AV$14)) | CJ38: =$J$12 -> 0.1 | CM38: =IF(Z12="","",IF(G34<0.5,Z12-CM37,Z12-CM36-CM37)) | CO38: =IF(AC12="","",AC12*(1+J12+$AV$14)) | CR38: =$J$12 -> 0.1 | CU38: =IF(Z12="","",Z12-CU36) | CW38: =IF(AC12="","",AC12*(1+J12+$AV$14))
B39: 매수가능 | E39: =IF(E38="","",ROUNDDOWN(E38/AH12,0)) | I39: =IFERROR(IF(E35="","",(E36-E35)/E35),"") | L39: 매수가능 | O39: =IF(O38="","",ROUNDDOWN(O38/AH13,0)) | S39: =IFERROR(IF(O35="","",(O36-O35)/O35),"") | V39: 매수가능 | Y39: =IF(Y38="","",ROUNDDOWN(Y38/AH14,0)) | AC39: =IFERROR(IF(Y35="","",(Y36-Y35)/Y35),"") | AF39: 매수가능 | AI39: =IF(AI38="","",ROUNDDOWN(AI38/AH15,0)) | AM39: =IFERROR(IF(AI35="","",(AI36-AI35)/AI35),"") | AP39: 매수가능 | AS39: =IF(AS38="","",ROUNDDOWN(AS38/AH16,0)) | AW39: =IFERROR(IF(AS35="","",(AS36-AS35)/AS35),"") | BP39: 7 | BR39: 매수 | BT39: 평단 | BW39: =IF(BY39>BY41,"",IF(O38<O13,IF(BY40<BY41,ROUNDDOWN(O38/BY39-BW40,0),ROUNDDOWN(O38/BY39-BW41,0)),IF(AC13="","",IF(BY40<BY41,ROUNDDOWN(O13/BY39-BW40,0),ROUNDDOWN(O13/BY39-BW41,0))))) | BY39: =IF(AC13="","",AC13) | CB39: 평단 | CE39: =IF(Z13="","",IF(CG39>CG41,"",IF(Q34>=0.5,IF(O13>O38,ROUNDDOWN(O38/CG39,0),ROUNDDOWN(O13/CG39,0)),IF(AC13="","",IF(CG40<CG41,ROUNDDOWN(O13/CG39,0)-CE40,ROUNDDOWN(O13/CG39,0)-CE41))))) | CG39: =IF(AC13="","",AC13) | CJ39: 평단 | CM39: =IF(Z13="","",IF(CO39>CO41,"",IF(Q34>=0.5,IF(O13>O38,ROUNDDOWN(O38/CO39,0),ROUNDDOWN(O13/CO39,0)),IF(AC13="","",IF(CO40<CO41,ROUNDDOWN(O13/CO39,0)-CM40,ROUNDDOWN(O13/CO39,0)-CM41))))) | CO39: =IF(AC13="","",AC13) | CR39: 평단 | CU39: =IF(CW39>CW41,"",IF(Q34<0.5,IF(AC13="","",IF(CW40<CW41,ROUNDDOWN(O13/CW39,0)-CU40,ROUNDDOWN(O13/CW39,0)-CU41)),"")) | CW39: =IF(AC13="","",AC13)
B40: 쿼터손절모드 | G40: FALSE | I40: =IF(AU56="","",AU56) | L40: 쿼터손절모드 | Q40: FALSE | S40: =IF(AU57="","",AU57) | V40: 쿼터손절모드 | AA40: FALSE | AC40: =IF(AU58="","",AU58) | AF40: 쿼터손절모드 | AK40: FALSE | AM40: =IF(AU59="","",AU59) | AP40: 쿼터손절모드 | AU40: FALSE | AW40: =IF(AU60="","",AU60) | BT40: =$J$13 -> 0.1 | BW40: =IF(O13>O38,IF(BY40<BY41,ROUNDDOWN(O38/2/BY40,0),""),IF(BY40<BY41,ROUNDDOWN(O13/2/BY40,0),"")) | BY40: =IF(AC13="","",AC13*(1+J13)) | CB40: =$J$13/2 -> 0.05 | CE40: =IF(Q34>=0.5,"",IF(CG40<CG41,ROUNDDOWN(O13/2/CG40,0),"")) | CG40: =IF(AC13="","",AC13*(1+J13/2)) | CJ40: =$J$13/2 -> 0.05 | CM40: =IF(Q34>=0.5,"",IF(CO40<CO41,ROUNDDOWN(O13/2/CO40,0),"")) | CO40: =IF(AC13="","",AC13*(1+J13/2)) | CR40: =IF(T34="",J13,(J13-T34*J13/20*(40/M13))) -> 0.1 | CU40: =IF(Z13="","",IF(CW40>CW41,"",IF(Q34<0.5,ROUNDDOWN(O13/2/CW40,0),IF(O38<O13,ROUNDDOWN(O38/CW40,0),ROUNDDOWN(O13/CW40,0))))) | CW40: =IF(AC13="","",AC13*(1+CR40))
B41: 매수 | D41: =IF($J$33="V1",BT33,IF($J$33="V2",CB33,IF($J$33="V2.1",CJ33,IF($J$33="V2.2",CR33,"")))) -> 평단 | G41: =IF($J$33="V1",BW33,IF($J$33="V2",CE33,IF($J$33="V2.1",CM33,IF($J$33="V2.2",CU33,"")))) | I41: =IF($J$33="V1",BY33,IF($J$33="V2",CG33,IF($J$33="V2.1",CO33,IF($J$33="V2.2",CW33,"")))) | L41: 매수 | N41: =IF($T$33="V1",BT39,IF($T$33="V2",CB39,IF($T$33="V2.1",CJ39,IF($T$33="V2.2",CR39,"")))) -> 평단 | Q41: =IF($T$33="V1",BW39,IF($T$33="V2",CE39,IF($T$33="V2.1",CM39,IF($T$33="V2.2",CU39,"")))) | S41: =IF($T$33="V1",BY39,IF($T$33="V2",CG39,IF($T$33="V2.1",CO39,IF($T$33="V2.2",CW39,"")))) | V41: 매수 | X41: =IF($AD$33="V1",BT45,IF($AD$33="V2",CB45,IF($AD$33="V2.1",CJ45,IF($AD$33="V2.2",CR45,"")))) -> 평단 | AA41: =IF($AD$33="V1",BW45,IF($AD$33="V2",CE45,IF($AD$33="V2.1",CM45,IF($AD$33="V2.2",CU45,"")))) | AC41: =IF($AD$33="V1",BY45,IF($AD$33="V2",CG45,IF($AD$33="V2.1",CO45,IF($AD$33="V2.2",CW45,"")))) | AF41: 매수 | AH41: =IF($AN$33="V1",BT51,IF($AN$33="V2",CB51,IF($AN$33="V2.1",CJ51,IF($AN$33="V2.2",CR51,"")))) -> 평단 | AK41: =IF($AN$33="V1",BW51,IF($AN$33="V2",CE51,IF($AN$33="V2.1",CM51,IF($AN$33="V2.2",CU51,"")))) | AM41: =IF($AN$33="V1",BY51,IF($AN$33="V2",CG51,IF($AN$33="V2.1",CO51,IF($AN$33="V2.2",CW51,"")))) | AP41: 매수 | AR41: =IF($AX$33="V1",BT57,IF($AX$33="V2",CB57,IF($AX$33="V2.1",CJ57,IF($AX$33="V2.2",CR57,"")))) -> 평단 | AU41: =IF($AX$33="V1",BW57,IF($AX$33="V2",CE57,IF($AX$33="V2.1",CM57,IF($AX$33="V2.2",CU57,"")))) | AW41: =IF($AX$33="V1",BY57,IF($AX$33="V2",CG57,IF($AX$33="V2.1",CO57,IF($AX$33="V2.2",CW57,"")))) | BT41: 큰수 | BW41: =IF(O13>O38,IF(BY40>BY41,ROUNDDOWN(O38/BY41,0),""),IF(BY40>BY41,IF(BY39>BY41,ROUNDDOWN(O13/BY41,0),ROUNDDOWN(O13/2/BY41,0)),"")) | BY41: =IF(AC13="","",AH13*(1+BG16)) | CB41: 큰수 | CE41: =IF(Z13="","",IF(Q34>=0.5,IF(O38<O13,ROUNDDOWN(O38/CG41,0)-CE39,ROUNDDOWN(O13/CG41,0)-CE39),IF(CG40>CG41,IF(CG39>CG41,ROUNDDOWN(O13/CG41,0),ROUNDDOWN(O13/2/CG41,0)),""))) | CG41: =IF(AC13="","",AH13*(1+BG16)) | CJ41: 큰수 | CM41: =IF(Z13="","",IF(Q34>=0.5,IF(O38<O13,ROUNDDOWN(O38/CO41,0)-CM39,ROUNDDOWN(O13/CO41,0)-CM39),IF(CO40>CO41,IF(CO39>CO41,ROUNDDOWN(O13/CO41,0),ROUNDDOWN(O13/2/CO41,0)),""))) | CO41: =IF(AC13="","",AH13*(1+BG16)) | CR41: 큰수 | CU41: =IF(Z13="","",IF(CW40<CW41,"",IF(O38<O13,ROUNDDOWN(O38/CW41,0),IF(CW39>CW41,ROUNDDOWN(O13/CW41,0),ROUNDDOWN(O13/2/CW41,0))))) | CW41: =IF(AC13="","",AH13*(1+BG16))
D42: =IF($J$33="V1",BT34,IF($J$33="V2",CB34,IF($J$33="V2.1",CJ34,IF($J$33="V2.2",CR34,"")))) -> 0.1 | G42: =IF($J$33="V1",BW34,IF($J$33="V2",CE34,IF($J$33="V2.1",CM34,IF($J$33="V2.2",CU34,"")))) | I42: =IF($J$33="V1",BY34,IF($J$33="V2",CG34,IF($J$33="V2.1",CO34,IF($J$33="V2.2",CW34,"")))) | N42: =IF($T$33="V1",BT40,IF($T$33="V2",CB40,IF($T$33="V2.1",CJ40,IF($T$33="V2.2",CR40,"")))) -> 0.1 | Q42: =IF($T$33="V1",BW40,IF($T$33="V2",CE40,IF($T$33="V2.1",CM40,IF($T$33="V2.2",CU40,"")))) | S42: =IF($T$33="V1",BY40,IF($T$33="V2",CG40,IF($T$33="V2.1",CO40,IF($T$33="V2.2",CW40,"")))) | X42: =IF($AD$33="V1",BT46,IF($AD$33="V2",CB46,IF($AD$33="V2.1",CJ46,IF($AD$33="V2.2",CR46,"")))) -> 0.1 | AA42: =IF($AD$33="V1",BW46,IF($AD$33="V2",CE46,IF($AD$33="V2.1",CM46,IF($AD$33="V2.2",CU46,"")))) | AC42: =IF($AD$33="V1",BY46,IF($AD$33="V2",CG46,IF($AD$33="V2.1",CO46,IF($AD$33="V2.2",CW46,"")))) | AH42: =IF($AN$33="V1",BT52,IF($AN$33="V2",CB52,IF($AN$33="V2.1",CJ52,IF($AN$33="V2.2",CR52,"")))) -> 0.1 | AK42: =IF($AN$33="V1",BW52,IF($AN$33="V2",CE52,IF($AN$33="V2.1",CM52,IF($AN$33="V2.2",CU52,"")))) | AM42: =IF($AN$33="V1",BY52,IF($AN$33="V2",CG52,IF($AN$33="V2.1",CO52,IF($AN$33="V2.2",CW52,"")))) | AR42: =IF($AX$33="V1",BT58,IF($AX$33="V2",CB58,IF($AX$33="V2.1",CJ58,IF($AX$33="V2.2",CR58,"")))) -> 0.1 | AU42: =IF($AX$33="V1",BW58,IF($AX$33="V2",CE58,IF($AX$33="V2.1",CM58,IF($AX$33="V2.2",CU58,"")))) | AW42: =IF($AX$33="V1",BY58,IF($AX$33="V2",CG58,IF($AX$33="V2.1",CO58,IF($AX$33="V2.2",CW58,"")))) | BR42: 매도 | CJ42: 0 | CM42: =IF(Z13="","",IF(Q34>=0.5,(ROUND(Z13/4,0)),"")) | CO42: =IF(AC13="","",AC13*(1+$AV$14)) | CR42: =IF(T34="","",(J13-T34*J13/20*(40/M13))) | CU42: =IF(Z13="","",ROUND(Z13/4,0)) | CW42: =IF(AC13="","",IF(AND(39*(M13/40)<T34,T34<=40*(M13/40)),"MOC",AC13*(1+$AV$14+CR42)))
D43: =IF($J$33="V1",BT35,IF($J$33="V2",CB35,IF($J$33="V2.1",CJ35,IF($J$33="V2.2",CR35,"")))) -> 큰수 | G43: =IF($J$33="V1",BW35,IF($J$33="V2",CE35,IF($J$33="V2.1",CM35,IF($J$33="V2.2",CU35,"")))) | I43: =IF($J$33="V1",BY35,IF($J$33="V2",CG35,IF($J$33="V2.1",CO35,IF($J$33="V2.2",CW35,"")))) | N43: =IF($T$33="V1",BT41,IF($T$33="V2",CB41,IF($T$33="V2.1",CJ41,IF($T$33="V2.2",CR41,"")))) -> 큰수 | Q43: =IF($T$33="V1",BW41,IF($T$33="V2",CE41,IF($T$33="V2.1",CM41,IF($T$33="V2.2",CU41,"")))) | S43: =IF($T$33="V1",BY41,IF($T$33="V2",CG41,IF($T$33="V2.1",CO41,IF($T$33="V2.2",CW41,"")))) | X43: =IF($AD$33="V1",BT47,IF($AD$33="V2",CB47,IF($AD$33="V2.1",CJ47,IF($AD$33="V2.2",CR47,"")))) -> 큰수 | AA43: =IF($AD$33="V1",BW47,IF($AD$33="V2",CE47,IF($AD$33="V2.1",CM47,IF($AD$33="V2.2",CU47,"")))) | AC43: =IF($AD$33="V1",BY47,IF($AD$33="V2",CG47,IF($AD$33="V2.1",CO47,IF($AD$33="V2.2",CW47,"")))) | AH43: =IF($AN$33="V1",BT53,IF($AN$33="V2",CB53,IF($AN$33="V2.1",CJ53,IF($AN$33="V2.2",CR53,"")))) -> 큰수 | AK43: =IF($AN$33="V1",BW53,IF($AN$33="V2",CE53,IF($AN$33="V2.1",CM53,IF($AN$33="V2.2",CU53,"")))) | AM43: =IF($AN$33="V1",BY53,IF($AN$33="V2",CG53,IF($AN$33="V2.1",CO53,IF($AN$33="V2.2",CW53,"")))) | AR43: =IF($AX$33="V1",BT59,IF($AX$33="V2",CB59,IF($AX$33="V2.1",CJ59,IF($AX$33="V2.2",CR59,"")))) -> 큰수 | AU43: =IF($AX$33="V1",BW59,IF($AX$33="V2",CE59,IF($AX$33="V2.1",CM59,IF($AX$33="V2.2",CU59,"")))) | AW43: =IF($AX$33="V1",BY59,IF($AX$33="V2",CG59,IF($AX$33="V2.1",CO59,IF($AX$33="V2.2",CW59,"")))) | CB43: =$J$13/2 -> 0.05 | CE43: =IF(Z13="","",IF(Q34>=0.5,(ROUND(Z13/2,0)),"")) | CG43: =IF(AC13="","",AC13*(1+J13/2+$AV$14)) | CJ43: =$J$13/2 -> 0.05 | CM43: =IF(Z13="","",ROUND(Z13/4,0)) | CO43: =IF(AC13="","",AC13*(1+J13/2+$AV$14))
B44: 매도 | D44: =IF($J$33="V1",BT36,IF($J$33="V2",CB36,IF($J$33="V2.1",CJ36,IF($J$33="V2.2",CR36,"")))) | G44: =IF($J$33="V1",BW36,IF($J$33="V2",CE36,IF($J$33="V2.1",CM36,IF($J$33="V2.2",CU36,"")))) | I44: =IF($J$33="V1",BY36,IF($J$33="V2",CG36,IF($J$33="V2.1",CO36,IF($J$33="V2.2",CW36,"")))) | L44: 매도 | N44: =IF($T$33="V1",BT42,IF($T$33="V2",CB42,IF($T$33="V2.1",CJ42,IF($T$33="V2.2",CR42,"")))) | Q44: =IF($T$33="V1",BW42,IF($T$33="V2",CE42,IF($T$33="V2.1",CM42,IF($T$33="V2.2",CU42,"")))) | S44: =IF($T$33="V1",BY42,IF($T$33="V2",CG42,IF($T$33="V2.1",CO42,IF($T$33="V2.2",CW42,"")))) | V44: 매도 | X44: =IF($AD$33="V1",BT48,IF($AD$33="V2",CB48,IF($AD$33="V2.1",CJ48,IF($AD$33="V2.2",CR48,"")))) | AA44: =IF($AD$33="V1",BW48,IF($AD$33="V2",CE48,IF($AD$33="V2.1",CM48,IF($AD$33="V2.2",CU48,"")))) | AC44: =IF($AD$33="V1",BY48,IF($AD$33="V2",CG48,IF($AD$33="V2.1",CO48,IF($AD$33="V2.2",CW48,"")))) | AF44: 매도 | AH44: =IF($AN$33="V1",BT54,IF($AN$33="V2",CB54,IF($AN$33="V2.1",CJ54,IF($AN$33="V2.2",CR54,"")))) | AK44: =IF($AN$33="V1",BW54,IF($AN$33="V2",CE54,IF($AN$33="V2.1",CM54,IF($AN$33="V2.2",CU54,"")))) | AM44: =IF($AN$33="V1",BY54,IF($AN$33="V2",CG54,IF($AN$33="V2.1",CO54,IF($AN$33="V2.2",CW54,"")))) | AP44: 매도 | AR44: =IF($AX$33="V1",BT60,IF($AX$33="V2",CB60,IF($AX$33="V2.1",CJ60,IF($AX$33="V2.2",CR60,"")))) | AU44: =IF($AX$33="V1",BW60,IF($AX$33="V2",CE60,IF($AX$33="V2.1",CM60,IF($AX$33="V2.2",CU60,"")))) | AW44: =IF($AX$33="V1",BY60,IF($AX$33="V2",CG60,IF($AX$33="V2.1",CO60,IF($AX$33="V2.2",CW60,"")))) | BT44: =$J$13 -> 0.1 | BW44: =IF(Z13="","",Z13) | BY44: =IF(AC13="","",AC13*(1+J13+$AV$14)) | CB44: =$J$13 -> 0.1 | CE44: =IF(CE43="",Z13,Z13-CE43) | CG44: =IF(AC13="","",AC13*(1+J13+$AV$14)) | CJ44: =$J$13 -> 0.1 | CM44: =IF(Z13="","",IF(Q34<0.5,Z13-CM43,Z13-CM42-CM43)) | CO44: =IF(AC13="","",AC13*(1+J13+$AV$14)) | CR44: =$J$13 -> 0.1 | CU44: =IF(Z13="","",Z13-CU42) | CW44: =IF(AC13="","",AC13*(1+J13+$AV$14))
D45: =IF($J$33="V1",BT37,IF($J$33="V2",CB37,IF($J$33="V2.1",CJ37,IF($J$33="V2.2",CR37,"")))) | G45: =IF($J$33="V1",BW37,IF($J$33="V2",CE37,IF($J$33="V2.1",CM37,IF($J$33="V2.2",CU37,"")))) | I45: =IF($J$33="V1",BY37,IF($J$33="V2",CG37,IF($J$33="V2.1",CO37,IF($J$33="V2.2",CW37,"")))) | N45: =IF($T$33="V1",BT43,IF($T$33="V2",CB43,IF($T$33="V2.1",CJ43,IF($T$33="V2.2",CR43,"")))) | Q45: =IF($T$33="V1",BW43,IF($T$33="V2",CE43,IF($T$33="V2.1",CM43,IF($T$33="V2.2",CU43,"")))) | S45: =IF($T$33="V1",BY43,IF($T$33="V2",CG43,IF($T$33="V2.1",CO43,IF($T$33="V2.2",CW43,"")))) | X45: =IF($AD$33="V1",BT49,IF($AD$33="V2",CB49,IF($AD$33="V2.1",CJ49,IF($AD$33="V2.2",CR49,"")))) | AA45: =IF($AD$33="V1",BW49,IF($AD$33="V2",CE49,IF($AD$33="V2.1",CM49,IF($AD$33="V2.2",CU49,"")))) | AC45: =IF($AD$33="V1",BY49,IF($AD$33="V2",CG49,IF($AD$33="V2.1",CO49,IF($AD$33="V2.2",CW49,"")))) | AH45: =IF($AN$33="V1",BT55,IF($AN$33="V2",CB55,IF($AN$33="V2.1",CJ55,IF($AN$33="V2.2",CR55,"")))) | AK45: =IF($AN$33="V1",BW55,IF($AN$33="V2",CE55,IF($AN$33="V2.1",CM55,IF($AN$33="V2.2",CU55,"")))) | AM45: =IF($AN$33="V1",BY55,IF($AN$33="V2",CG55,IF($AN$33="V2.1",CO55,IF($AN$33="V2.2",CW55,"")))) | AR45: =IF($AX$33="V1",BT61,IF($AX$33="V2",CB61,IF($AX$33="V2.1",CJ61,IF($AX$33="V2.2",CR61,"")))) | AU45: =IF($AX$33="V1",BW61,IF($AX$33="V2",CE61,IF($AX$33="V2.1",CM61,IF($AX$33="V2.2",CU61,"")))) | AW45: =IF($AX$33="V1",BY61,IF($AX$33="V2",CG61,IF($AX$33="V2.1",CO61,IF($AX$33="V2.2",CW61,"")))) | BP45: 8 | BR45: 매수 | BT45: 평단 | BW45: =IF(BY45>BY47,"",IF(Y38<O14,IF(BY46<BY47,ROUNDDOWN(Y38/BY45-BW46,0),ROUNDDOWN(Y38/BY45-BW47,0)),IF(AC14="","",IF(BY46<BY47,ROUNDDOWN(O14/BY45-BW46,0),ROUNDDOWN(O14/BY45-BW47,0))))) | BY45: =IF(AC14="","",AC14) | CB45: 평단 | CE45: =IF(Z14="","",IF(CG45>CG47,"",IF(AA34>=0.5,IF(O14>Y38,ROUNDDOWN(Y38/CG45,0),ROUNDDOWN(O14/CG45,0)),IF(AC14="","",IF(CG46<CG47,ROUNDDOWN(O14/CG45,0)-CE46,ROUNDDOWN(O14/CG45,0)-CE47))))) | CG45: =IF(AC14="","",AC14) | CJ45: 평단 | CM45: =IF(Z14="","",IF(CO45>CO47,"",IF(AA34>=0.5,IF(O14>Y38,ROUNDDOWN(Y38/CO45,0),ROUNDDOWN(O14/CO45,0)),IF(AC14="","",IF(CO46<CO47,ROUNDDOWN(O14/CO45,0)-CM46,ROUNDDOWN(O14/CO45,0)-CM47))))) | CO45: =IF(AC14="","",AC14) | CR45: 평단 | CU45: =IF(CW45>CW47,"",IF(AA34<0.5,IF(AC14="","",IF(CW46<CW47,ROUNDDOWN(O14/CW45,0)-CU46,ROUNDDOWN(O14/CW45,0)-CU47)),"")) | CW45: =IF(AC14="","",AC14)
D46: =IF($J$33="V1",BT38,IF($J$33="V2",CB38,IF($J$33="V2.1",CJ38,IF($J$33="V2.2",CR38,"")))) -> 0.1 | G46: =IF($J$33="V1",BW38,IF($J$33="V2",CE38,IF($J$33="V2.1",CM38,IF($J$33="V2.2",CU38,"")))) | I46: =IF($J$33="V1",BY38,IF($J$33="V2",CG38,IF($J$33="V2.1",CO38,IF($J$33="V2.2",CW38,"")))) | N46: =IF($T$33="V1",BT44,IF($T$33="V2",CB44,IF($T$33="V2.1",CJ44,IF($T$33="V2.2",CR44,"")))) -> 0.1 | Q46: =IF($T$33="V1",BW44,IF($T$33="V2",CE44,IF($T$33="V2.1",CM44,IF($T$33="V2.2",CU44,"")))) | S46: =IF($T$33="V1",BY44,IF($T$33="V2",CG44,IF($T$33="V2.1",CO44,IF($T$33="V2.2",CW44,"")))) | X46: =IF($AD$33="V1",BT50,IF($AD$33="V2",CB50,IF($AD$33="V2.1",CJ50,IF($AD$33="V2.2",CR50,"")))) -> 0.1 | AA46: =IF($AD$33="V1",BW50,IF($AD$33="V2",CE50,IF($AD$33="V2.1",CM50,IF($AD$33="V2.2",CU50,"")))) | AC46: =IF($AD$33="V1",BY50,IF($AD$33="V2",CG50,IF($AD$33="V2.1",CO50,IF($AD$33="V2.2",CW50,"")))) | AH46: =IF($AN$33="V1",BT56,IF($AN$33="V2",CB56,IF($AN$33="V2.1",CJ56,IF($AN$33="V2.2",CR56,"")))) -> 0.1 | AK46: =IF($AN$33="V1",BW56,IF($AN$33="V2",CE56,IF($AN$33="V2.1",CM56,IF($AN$33="V2.2",CU56,"")))) | AM46: =IF($AN$33="V1",BY56,IF($AN$33="V2",CG56,IF($AN$33="V2.1",CO56,IF($AN$33="V2.2",CW56,"")))) | AR46: =IF($AX$33="V1",BT62,IF($AX$33="V2",CB62,IF($AX$33="V2.1",CJ62,IF($AX$33="V2.2",CR62,"")))) -> 0.1 | AU46: =IF($AX$33="V1",BW62,IF($AX$33="V2",CE62,IF($AX$33="V2.1",CM62,IF($AX$33="V2.2",CU62,"")))) | AW46: =IF($AX$33="V1",BY62,IF($AX$33="V2",CG62,IF($AX$33="V2.1",CO62,IF($AX$33="V2.2",CW62,"")))) | BT46: =$J$14 -> 0.1 | BW46: =IF(O14>Y38,IF(BY46<BY47,ROUNDDOWN(Y38/2/BY46,0),""),IF(BY46<BY47,ROUNDDOWN(O14/2/BY46,0),"")) | BY46: =IF(AC14="","",AC14*(1+J14)) | CB46: =$J$14/2 -> 0.05 | CE46: =IF(AA34>=0.5,"",IF(CG46<CG47,ROUNDDOWN(O14/2/CG46,0),"")) | CG46: =IF(AC14="","",AC14*(1+J14/2)) | CJ46: =$J$14/2 -> 0.05 | CM46: =IF(AA34>=0.5,"",IF(CO46<CO47,ROUNDDOWN(O14/2/CO46,0),"")) | CO46: =IF(AC14="","",AC14*(1+J14/2)) | CR46: =IF(AD34="",J14,(J14-AD34*J14/20*(40/M14))) -> 0.1 | CU46: =IF(Z14="","",IF(CW46>CW47,"",IF(AA34<0.5,ROUNDDOWN(O14/2/CW46,0),IF(Y38<O14,ROUNDDOWN(Y38/CW46,0),ROUNDDOWN(O14/CW46,0))))) | CW46: =IF(AC14="","",AC14*(1+CR46))
BT47: 큰수 | BW47: =IF(O14>Y38,IF(BY46>BY47,ROUNDDOWN(Y38/BY47,0),""),IF(BY46>BY47,IF(BY45>BY47,ROUNDDOWN(O14/BY47,0),ROUNDDOWN(O14/2/BY47,0)),"")) | BY47: =IF(AC14="","",AH14*(1+BG16)) | CB47: 큰수 | CE47: =IF(Z14="","",IF(AA34>=0.5,IF(Y38<O14,ROUNDDOWN(Y38/CG47,0)-CE45,ROUNDDOWN(O14/CG47,0)-CE45),IF(CG46>CG47,IF(CG45>CG47,ROUNDDOWN(O14/CG47,0),ROUNDDOWN(O14/2/CG47,0)),""))) | CG47: =IF(AC14="","",AH14*(1+BG16)) | CJ47: 큰수 | CM47: =IF(Z14="","",IF(AA34>=0.5,IF(Y38<O14,ROUNDDOWN(Y38/CO47,0)-CM45,ROUNDDOWN(O14/CO47,0)-CM45),IF(CO46>CO47,IF(CO45>CO47,ROUNDDOWN(O14/CO47,0),ROUNDDOWN(O14/2/CO47,0)),""))) | CO47: =IF(AC14="","",AH14*(1+BG16)) | CR47: 큰수 | CU47: =IF(Z14="","",IF(CW46<CW47,"",IF(Y38<O14,ROUNDDOWN(Y38/CW47,0),IF(CW45>CW47,ROUNDDOWN(O14/CW47,0),ROUNDDOWN(O14/2/CW47,0))))) | CW47: =IF(AC14="","",AH14*(1+BG16))
B48: 쿼터손절 모드 | BR48: 매도 | CJ48: 0 | CM48: =IF(Z14="","",IF(AA34>=0.5,(ROUND(Z14/4,0)),"")) | CO48: =IF(AC14="","",AC14*(1+$AV$14)) | CR48: =IF(AD34="","",(J14-AD34*J14/20*(40/M14))) | CU48: =IF(Z14="","",ROUND(Z14/4,0)) | CW48: =IF(AC14="","",IF(AND(39*(M14/40)<AD34,AD34<=40*(M14/40)),"MOC",AC14*(1+$AV$14+CR48)))
F49: 기존 시드 확인 | P49: 쿼터손절(1/4 MOC 매도) 시드확보 | AI49: 진행 확인 | AZ49: 매수 | BF49: 매도 | CB49: =$J$14/2 -> 0.05 | CE49: =IF(Z14="","",IF(AA34>=0.5,(ROUND(Z14/2,0)),"")) | CG49: =IF(AC14="","",AC14*(1+J14/2+$AV$14)) | CJ49: =$J$14/2 -> 0.05 | CM49: =IF(Z14="","",ROUND(Z14/4,0)) | CO49: =IF(AC14="","",AC14*(1+J14/2+$AV$14))
C50: 시작일 | F50: 수량 | H50: 평단가 | J50: 남은원금(A) | M50: 수익금(B) | P50: 수량 | R50: 매도가 | T50: 손익금 | W50: 매도금(C) | Z50: 시드 | AC50: 10분할 | AF50: x10 | AI50: 손절 직후 | AL50: 매입금액 | AO50: 남은시드(1) | AR50: 남은시드(2) | AU50: 진행률 | AZ50: 매수량 | BB50: -0.1 | BD50: 큰수 | BF50: 44565 | BH50: -0.1 | BJ50: 44624 | BL50: +10% | BT50: =$J$14 -> 0.1 | BW50: =IF(Z14="","",Z14) | BY50: =IF(AC14="","",AC14*(1+J14+$AV$14)) | CB50: =$J$14 -> 0.1 | CE50: =IF(CE49="",Z14,Z14-CE49) | CG50: =IF(AC14="","",AC14*(1+J14+$AV$14)) | CJ50: =$J$14 -> 0.1 | CM50: =IF(Z14="","",IF(AA34<0.5,Z14-CM49,Z14-CM48-CM49)) | CO50: =IF(AC14="","",AC14*(1+J14+$AV$14)) | CR50: =$J$14 -> 0.1 | CU50: =IF(Z14="","",Z14-CU48) | CW50: =IF(AC14="","",AC14*(1+J14+$AV$14))
B51: =LEFT(C7,2) | J51: =IF(G25=TRUE,G7-(F51*H51),"") | P51: =IF(F51="","",ROUND(F51/4,0)) | T51: =IF(R51="","",P51*(R51-H51)) | W51: =IF(R51="","",P51*R51) | Z51: =IF(J51+M51+W51>0,J51+M51+W51,"") | AC51: =IF(Z51="","",IF(Z51/10>O7,O7,Z51/10)) | AF51: =IF(AC51="","",AC51*10) | AI51: =IF(F51*H51*P51*R51<>0,(F51-P51)*H51,"") | AL51: =IF(AI51="","",E20-AI51) | AO51: =IF(AF51="","",AF51-AL51) | AR51: =IF(AC51="","",IF(AC51<O7,AF51-AL51,Z51-AL51)) | AU51: =IFERROR(__xludf.DUMMYFUNCTION("IFERROR(IF(AX51>=0.5,SPARKLINE(AX51,{""charttype"",""bar"";""max"",1;""color1"",""FFB400""}),SPARKLINE(AX51,{""charttype"",""bar"";""max"",1;""color1"",""80E12A""})),"""")"),"") | AX51: =IFERROR(IF(AO51<AH7,1,AL51/AF51),"") | AZ51: =IF(G25=TRUE,IF(AO51>AC51,IF(BB51<BD51,ROUNDDOWN(AC51/BB51,0),ROUNDDOWN(AC51/BD51,0)),IF(BB51<BD51,ROUNDDOWN(AO51/BB51,0),ROUNDDOWN(AO51/BD51,0))),"") | BB51: =IF(G25=TRUE,IF(AC7*0.9-0.01<AH7*1.15,AC7*0.9-0.01,""),"") | BD51: =IF(G25=TRUE,IF(AC7*0.9-0.01>AH7*1.15,AH7*1.15,""),"") | BF51: =IF(G25=TRUE,ROUND(Z7/4,0),"") | BH51: =IF(G25=TRUE,AC7*0.9,"") | BJ51: =IF(BF51="","",Z7-BF51) | BL51: =IF(BH51="","",(AC7*1.1)) | BP51: 9 | BR51: 매수 | BT51: 평단 | BW51: =IF(BY51>BY53,"",IF(AI38<O15,IF(BY52<BY53,ROUNDDOWN(AI38/BY51-BW52,0),ROUNDDOWN(AI38/BY51-BW53,0)),IF(AC15="","",IF(BY52<BY53,ROUNDDOWN(O15/BY51-BW52,0),ROUNDDOWN(O15/BY51-BW53,0))))) | BY51: =IF(AC15="","",AC15) | CB51: 평단 | CE51: =IF(Z15="","",IF(CG51>CG53,"",IF(AK34>=0.5,IF(O15>AI38,ROUNDDOWN(AI38/CG51,0),ROUNDDOWN(O15/CG51,0)),IF(AC15="","",IF(CG52<CG53,ROUNDDOWN(O15/CG51,0)-CE52,ROUNDDOWN(O15/CG51,0)-CE53))))) | CG51: =IF(AC15="","",AC15) | CJ51: 평단 | CM51: =IF(Z15="","",IF(CO51>CO53,"",IF(AK34>=0.5,IF(O15>AI38,ROUNDDOWN(AI38/CO51,0),ROUNDDOWN(O15/CO51,0)),IF(AC15="","",IF(CO52<CO53,ROUNDDOWN(O15/CO51,0)-CM52,ROUNDDOWN(O15/CO51,0)-CM53))))) | CO51: =IF(AC15="","",AC15) | CR51: 평단 | CU51: =IF(CW51>CW53,"",IF(AK34<0.5,IF(AC15="","",IF(CW52<CW53,ROUNDDOWN(O15/CW51,0)-CU52,ROUNDDOWN(O15/CW51,0)-CU53)),"")) | CW51: =IF(AC15="","",AC15)
B52: =LEFT(C8,2) | J52: =IF(Q25=TRUE,G8-(F52*H52),"") | P52: =IF(F52="","",ROUND(F52/4,0)) | T52: =IF(R52="","",P52*(R52-H52)) | W52: =IF(R52="","",P52*R52) | Z52: =IF(J52+M52+W52>0,J52+M52+W52,"") | AC52: =IF(Z52="","",IF(Z52/10>O8,O8,Z52/10)) | AF52: =IF(AC52="","",AC52*10) | AI52: =IF(F52*H52*P52*R52<>0,(F52-P52)*H52,"") | AL52: =IF(AI52="","",O20-AI52) | AO52: =IF(AF52="","",AF52-AL52) | AR52: =IF(AC52="","",IF(AC52<O8,AF52-AL52,Z52-AL52)) | AU52: =IFERROR(__xludf.DUMMYFUNCTION("IFERROR(IF(AX52>=0.5,SPARKLINE(AX52,{""charttype"",""bar"";""max"",1;""color1"",""FFB400""}),SPARKLINE(AX52,{""charttype"",""bar"";""max"",1;""color1"",""80E12A""})),"""")"),"") | AX52: =IFERROR(IF(AO52<AH8,1,AL52/AF52),"") | AZ52: =IF(Q25=TRUE,IF(AO52>AC52,IF(BB52<BD52,ROUNDDOWN(AC52/BB52,0),ROUNDDOWN(AC52/BD52,0)),IF(BB52<BD52,ROUNDDOWN(AO52/BB52,0),ROUNDDOWN(AO52/BD52,0))),"") | BB52: =IF(Q25=TRUE,IF(AC8*0.9-0.01<AH8*1.15,AC8*0.9-0.01,""),"") | BD52: =IF(Q25=TRUE,IF(AC8*0.9-0.01>AH8*1.15,AH8*1.15,""),"") | BF52: =IF(Q25=TRUE,ROUND(Z8/4,0),"") | BH52: =IF(Q25=TRUE,AC8*0.9,"") | BJ52: =IF(BF52="","",Z8-BF52) | BL52: =IF(BH52="","",(AC8*1.1)) | BT52: =$J$15 -> 0.1 | BW52: =IF(O15>AI38,IF(BY52<BY53,ROUNDDOWN(AI38/2/BY52,0),""),IF(BY52<BY53,ROUNDDOWN(O15/2/BY52,0),"")) | BY52: =IF(AC15="","",AC15*(1+J15)) | CB52: =$J$15/2 -> 0.05 | CE52: =IF(AK34>=0.5,"",IF(CG52<CG53,ROUNDDOWN(O15/2/CG52,0),"")) | CG52: =IF(AC15="","",AC15*(1+J15/2)) | CJ52: =$J$15/2 -> 0.05 | CM52: =IF(AK34>=0.5,"",IF(CO52<CO53,ROUNDDOWN(O15/2/CO52,0),"")) | CO52: =IF(AC15="","",AC15*(1+J15/2)) | CR52: =IF(AN34="",J15,(J15-AN34*J15/20*(40/M15))) -> 0.1 | CU52: =IF(Z15="","",IF(CW52>CW53,"",IF(AK34<0.5,ROUNDDOWN(O15/2/CW52,0),IF(AI38<O15,ROUNDDOWN(AI38/CW52,0),ROUNDDOWN(O15/CW52,0))))) | CW52: =IF(AC15="","",AC15*(1+CR52))
B53: =LEFT(C9,2) | J53: =IF(AA25=TRUE,G9-(F53*H53),"") | P53: =IF(F53="","",ROUND(F53/4,0)) | T53: =IF(R53="","",P53*(R53-H53)) | W53: =IF(R53="","",P53*R53) | Z53: =IF(J53+M53+W53>0,J53+M53+W53,"") | AC53: =IF(Z53="","",IF(Z53/10>O9,O9,Z53/10)) | AF53: =IF(AC53="","",AC53*10) | AI53: =IF(F53*H53*P53*R53<>0,(F53-P53)*H53,"") | AL53: =IF(AI53="","",Y20-AI53) | AO53: =IF(AF53="","",AF53-AL53) | AR53: =IF(AC53="","",IF(AC53<O9,AF53-AL53,Z53-AL53)) | AU53: =IFERROR(__xludf.DUMMYFUNCTION("IFERROR(IF(AX53>=0.5,SPARKLINE(AX53,{""charttype"",""bar"";""max"",1;""color1"",""FFB400""}),SPARKLINE(AX53,{""charttype"",""bar"";""max"",1;""color1"",""80E12A""})),"""")"),"") | AX53: =IFERROR(IF(AO53<AH9,1,AL53/AF53),"") | AZ53: =IF(AA25=TRUE,IF(AO53>AC53,IF(BB53<BD53,ROUNDDOWN(AC53/BB53,0),ROUNDDOWN(AC53/BD53,0)),IF(BB53<BD53,ROUNDDOWN(AO53/BB53,0),ROUNDDOWN(AO53/BD53,0))),"") | BB53: =IF(AA25=TRUE,IF(AC9*0.9-0.01<AH9*1.15,AC9*0.9-0.01,""),"") | BD53: =IF(AA25=TRUE,IF(AC9*0.9-0.01>AH9*1.15,AH9*1.15,""),"") | BF53: =IF(AA25=TRUE,ROUND(Z9/4,0),"") | BH53: =IF(AA25=TRUE,AC9*0.9,"") | BJ53: =IF(BF53="","",Z9-BF53) | BL53: =IF(BH53="","",(AC9*1.1)) | BT53: 큰수 | BW53: =IF(O15>AI38,IF(BY52>BY53,ROUNDDOWN(AI38/BY53,0),""),IF(BY52>BY53,IF(BY51>BY53,ROUNDDOWN(O15/BY53,0),ROUNDDOWN(O15/2/BY53,0)),"")) | BY53: =IF(AC15="","",AH15*(1+BG16)) | CB53: 큰수 | CE53: =IF(Z15="","",IF(AK34>=0.5,IF(AI38<O15,ROUNDDOWN(AI38/CG53,0)-CE51,ROUNDDOWN(O15/CG53,0)-CE51),IF(CG52>CG53,IF(CG51>CG53,ROUNDDOWN(O15/CG53,0),ROUNDDOWN(O15/2/CG53,0)),""))) | CG53: =IF(AC15="","",AH15*(1+BG16)) | CJ53: 큰수 | CM53: =IF(Z15="","",IF(AK34>=0.5,IF(AI38<O15,ROUNDDOWN(AI38/CO53,0)-CM51,ROUNDDOWN(O15/CO53,0)-CM51),IF(CO52>CO53,IF(CO51>CO53,ROUNDDOWN(O15/CO53,0),ROUNDDOWN(O15/2/CO53,0)),""))) | CO53: =IF(AC15="","",AH15*(1+BG16)) | CR53: 큰수 | CU53: =IF(Z15="","",IF(CW52<CW53,"",IF(AI38<O15,ROUNDDOWN(AI38/CW53,0),IF(CW51>CW53,ROUNDDOWN(O15/CW53,0),ROUNDDOWN(O15/2/CW53,0))))) | CW53: =IF(AC15="","",AH15*(1+BG16))
B54: =LEFT(C10,2) | J54: =IF(AK25=TRUE,G10-(F54*H54),"") | P54: =IF(F54="","",ROUND(F54/4,0)) | T54: =IF(R54="","",P54*(R54-H54)) | W54: =IF(R54="","",P54*R54) | Z54: =IF(J54+M54+W54>0,J54+M54+W54,"") | AC54: =IF(Z54="","",IF(Z54/10>O10,O10,Z54/10)) | AF54: =IF(AC54="","",AC54*10) | AI54: =IF(F54*H54*P54*R54<>0,(F54-P54)*H54,"") | AL54: =IF(AI54="","",AI20-AI54) | AO54: =IF(AF54="","",AF54-AL54) | AR54: =IF(AC54="","",IF(AC54<O10,AF54-AL54,Z54-AL54)) | AU54: =IFERROR(__xludf.DUMMYFUNCTION("IFERROR(IF(AX54>=0.5,SPARKLINE(AX54,{""charttype"",""bar"";""max"",1;""color1"",""FFB400""}),SPARKLINE(AX54,{""charttype"",""bar"";""max"",1;""color1"",""80E12A""})),"""")"),"") | AX54: =IFERROR(IF(AO54<AH10,1,AL54/AF54),"") | AZ54: =IF(AK25=TRUE,IF(AO54>AC54,IF(BB54<BD54,ROUNDDOWN(AC54/BB54,0),ROUNDDOWN(AC54/BD54,0)),IF(BB54<BD54,ROUNDDOWN(AO54/BB54,0),ROUNDDOWN(AO54/BD54,0))),"") | BB54: =IF(AK25=TRUE,IF(AC10*0.9-0.01<AH10*1.15,AC10*0.9-0.01,""),"") | BD54: =IF(AK25=TRUE,IF(AC10*0.9-0.01>AH10*1.15,AH10*1.15,""),"") | BF54: =IF(AK25=TRUE,ROUND(Z10/4,0),"") | BH54: =IF(AK25=TRUE,AC10*0.9,"") | BJ54: =IF(BF54="","",Z10-BF54) | BL54: =IF(BH54="","",(AC10*1.1)) | BR54: 매도 | CJ54: 0 | CM54: =IF(Z15="","",IF(AK34>=0.5,(ROUND(Z15/4,0)),"")) | CO54: =IF(AC15="","",AC15*(1+$AV$14)) | CR54: =IF(AN34="","",(J15-AN34*J15/20*(40/M15))) | CU54: =IF(Z15="","",ROUND(Z15/4,0)) | CW54: =IF(AC15="","",IF(AND(39*(M15/40)<AN34,AN34<=40*(M15/40)),"MOC",AC15*(1+$AV$14+CR54)))
B55: =LEFT(C11,2) | J55: =IF(AU25=TRUE,G11-(F55*H55),"") | P55: =IF(F55="","",ROUND(F55/4,0)) | T55: =IF(R55="","",P55*(R55-H55)) | W55: =IF(R55="","",P55*R55) | Z55: =IF(J55+M55+W55>0,J55+M55+W55,"") | AC55: =IF(Z55="","",IF(Z55/10>O11,O11,Z55/10)) | AF55: =IF(AC55="","",AC55*10) | AI55: =IF(F55*H55*P55*R55<>0,(F55-P55)*H55,"") | AL55: =IF(AI55="","",AS20-AI55) | AO55: =IF(AF55="","",AF55-AL55) | AR55: =IF(AC55="","",IF(AC55<O11,AF55-AL55,Z55-AL55)) | AU55: =IFERROR(__xludf.DUMMYFUNCTION("IFERROR(IF(AX55>=0.5,SPARKLINE(AX55,{""charttype"",""bar"";""max"",1;""color1"",""FFB400""}),SPARKLINE(AX55,{""charttype"",""bar"";""max"",1;""color1"",""80E12A""})),"""")"),"") | AX55: =IFERROR(IF(AO55<AH11,1,AL55/AF55),"") | AZ55: =IF(AU25=TRUE,IF(AO55>AC55,IF(BB55<BD55,ROUNDDOWN(AC55/BB55,0),ROUNDDOWN(AC55/BD55,0)),IF(BB55<BD55,ROUNDDOWN(AO55/BB55,0),ROUNDDOWN(AO55/BD55,0))),"") | BB55: =IF(AU25=TRUE,IF(AC11*0.9-0.01<AH11*1.15,AC11*0.9-0.01,""),"") | BD55: =IF(AU25=TRUE,IF(AC11*0.9-0.01>AH11*1.15,AH11*1.15,""),"") | BF55: =IF(AU25=TRUE,ROUND(Z11/4,0),"") | BH55: =IF(AU25=TRUE,AC11*0.9,"") | BJ55: =IF(BF55="","",Z11-BF55) | BL55: =IF(BH55="","",(AC11*1.1)) | CB55: =$J$15/2 -> 0.05 | CE55: =IF(Z15="","",IF(AK34>=0.5,(ROUND(Z15/2,0)),"")) | CG55: =IF(AC15="","",AC15*(1+J15/2+$AV$14)) | CJ55: =$J$15/2 -> 0.05 | CM55: =IF(Z15="","",ROUND(Z15/4,0)) | CO55: =IF(AC15="","",AC15*(1+J15/2+$AV$14))
B56: =LEFT(C12,2) | J56: =IF(G40=TRUE,G12-(F56*H56),"") | P56: =IF(F56="","",ROUND(F56/4,0)) | T56: =IF(R56="","",P56*(R56-H56)) | W56: =IF(R56="","",P56*R56) | Z56: =IF(J56+M56+W56>0,J56+M56+W56,"") | AC56: =IF(Z56="","",IF(Z56/10>O12,O12,Z56/10)) | AF56: =IF(AC56="","",AC56*10) | AI56: =IF(F56*H56*P56*R56<>0,(F56-P56)*H56,"") | AL56: =IF(AI56="","",E35-AI56) | AO56: =IF(AF56="","",AF56-AL56) | AR56: =IF(AC56="","",IF(AC56<O12,AF56-AL56,Z56-AL56)) | AU56: =IFERROR(__xludf.DUMMYFUNCTION("IFERROR(IF(AX56>=0.5,SPARKLINE(AX56,{""charttype"",""bar"";""max"",1;""color1"",""FFB400""}),SPARKLINE(AX56,{""charttype"",""bar"";""max"",1;""color1"",""80E12A""})),"""")"),"") | AX56: =IFERROR(IF(AO56<AH12,1,AL56/AF56),"") | AZ56: =IF(G40=TRUE,IF(AO56>AC56,IF(BB56<BD56,ROUNDDOWN(AC56/BB56,0),ROUNDDOWN(AC56/BD56,0)),IF(BB56<BD56,ROUNDDOWN(AO56/BB56,0),ROUNDDOWN(AO56/BD56,0))),"") | BB56: =IF(G40=TRUE,IF(AC12*0.9-0.01<AH12*1.15,AC12*0.9-0.01,""),"") | BD56: =IF(G40=TRUE,IF(AC12*0.9-0.01>AH12*1.15,AH12*1.15,""),"") | BF56: =IF(G40=TRUE,ROUND(Z12/4,0),"") | BH56: =IF(G40=TRUE,AC12*0.9,"") | BJ56: =IF(BF56="","",Z12-BF56) | BL56: =IF(BH56="","",(AC12*1.1)) | BT56: =$J$15 -> 0.1 | BW56: =IF(Z15="","",Z15) | BY56: =IF(AC15="","",AC15*(1+J15+$AV$14)) | CB56: =$J$15 -> 0.1 | CE56: =IF(CE55="",Z15,Z15-CE55) | CG56: =IF(AC15="","",AC15*(1+J15+$AV$14)) | CJ56: =$J$15 -> 0.1 | CM56: =IF(Z15="","",IF(AK34<0.5,Z15-CM55,Z15-CM54-CM55)) | CO56: =IF(AC15="","",AC15*(1+J15+$AV$14)) | CR56: =$J$15 -> 0.1 | CU56: =IF(Z15="","",Z15-CU54) | CW56: =IF(AC15="","",AC15*(1+J15+$AV$14))
B57: =LEFT(C13,2) | J57: =IF(Q40=TRUE,G13-(F57*H57),"") | P57: =IF(F57="","",ROUND(F57/4,0)) | T57: =IF(R57="","",P57*(R57-H57)) | W57: =IF(R57="","",P57*R57) | Z57: =IF(J57+M57+W57>0,J57+M57+W57,"") | AC57: =IF(Z57="","",IF(Z57/10>O13,O13,Z57/10)) | AF57: =IF(AC57="","",AC57*10) | AI57: =IF(F57*H57*P57*R57<>0,(F57-P57)*H57,"") | AL57: =IF(AI57="","",O35-AI57) | AO57: =IF(AF57="","",AF57-AL57) | AR57: =IF(AC57="","",IF(AC57<O13,AF57-AL57,Z57-AL57)) | AU57: =IFERROR(__xludf.DUMMYFUNCTION("IFERROR(IF(AX57>=0.5,SPARKLINE(AX57,{""charttype"",""bar"";""max"",1;""color1"",""FFB400""}),SPARKLINE(AX57,{""charttype"",""bar"";""max"",1;""color1"",""80E12A""})),"""")"),"") | AX57: =IFERROR(IF(AO57<AH13,1,AL57/AF57),"") | AZ57: =IF(Q40=TRUE,IF(AO57>AC57,IF(BB57<BD57,ROUNDDOWN(AC57/BB57,0),ROUNDDOWN(AC57/BD57,0)),IF(BB57<BD57,ROUNDDOWN(AO57/BB57,0),ROUNDDOWN(AO57/BD57,0))),"") | BB57: =IF(Q40=TRUE,IF(AC13*0.9-0.01<AH13*1.15,AC13*0.9-0.01,""),"") | BD57: =IF(Q40=TRUE,IF(AC13*0.9-0.01>AH13*1.15,AH13*1.15,""),"") | BF57: =IF(Q40=TRUE,ROUND(Z13/4,0),"") | BH57: =IF(Q40=TRUE,AC13*0.9,"") | BJ57: =IF(BF57="","",Z13-BF57) | BL57: =IF(BH57="","",(AC13*1.1)) | BP57: 10 | BR57: 매수 | BT57: 평단 | BW57: =IF(BY57>BY59,"",IF(AS38<O16,IF(BY58<BY59,ROUNDDOWN(AS38/BY57-BW58,0),ROUNDDOWN(AS38/BY57-BW59,0)),IF(AC16="","",IF(BY58<BY59,ROUNDDOWN(O16/BY57-BW58,0),ROUNDDOWN(O16/BY57-BW59,0))))) | BY57: =IF(AC16="","",AC16) | CB57: 평단 | CE57: =IF(Z16="","",IF(CG57>CG59,"",IF(AU34>=0.5,IF(O16>AS38,ROUNDDOWN(AS38/CG57,0),ROUNDDOWN(O16/CG57,0)),IF(AC16="","",IF(CG58<CG59,ROUNDDOWN(O16/CG57,0)-CE58,ROUNDDOWN(O16/CG57,0)-CE59))))) | CG57: =IF(AC16="","",AC16) | CJ57: 평단 | CM57: =IF(Z16="","",IF(CO57>CO59,"",IF(AU34>=0.5,IF(O16>AS38,ROUNDDOWN(AS38/CO57,0),ROUNDDOWN(O16/CO57,0)),IF(AC16="","",IF(CO58<CO59,ROUNDDOWN(O16/CO57,0)-CM58,ROUNDDOWN(O16/CO57,0)-CM59))))) | CO57: =IF(AC16="","",AC16) | CR57: 평단 | CU57: =IF(CW57>CW59,"",IF(AU34<0.5,IF(AC16="","",IF(CW58<CW59,ROUNDDOWN(O16/CW57,0)-CU58,ROUNDDOWN(O16/CW57,0)-CU59)),"")) | CW57: =IF(AC16="","",AC16)
B58: =LEFT(C14,2) | J58: =IF(AA40=TRUE,G14-(F58*H58),"") | P58: =IF(F58="","",ROUND(F58/4,0)) | T58: =IF(R58="","",P58*(R58-H58)) | W58: =IF(R58="","",P58*R58) | Z58: =IF(J58+M58+W58>0,J58+M58+W58,"") | AC58: =IF(Z58="","",IF(Z58/10>O14,O14,Z58/10)) | AF58: =IF(AC58="","",AC58*10) | AI58: =IF(F58*H58*P58*R58<>0,(F58-P58)*H58,"") | AL58: =IF(AI58="","",Y35-AI58) | AO58: =IF(AF58="","",AF58-AL58) | AR58: =IF(AC58="","",IF(AC58<O14,AF58-AL58,Z58-AL58)) | AU58: =IFERROR(__xludf.DUMMYFUNCTION("IFERROR(IF(AX58>=0.5,SPARKLINE(AX58,{""charttype"",""bar"";""max"",1;""color1"",""FFB400""}),SPARKLINE(AX58,{""charttype"",""bar"";""max"",1;""color1"",""80E12A""})),"""")"),"") | AX58: =IFERROR(IF(AO58<AH14,1,AL58/AF58),"") | AZ58: =IF(AA40=TRUE,IF(AO58>AC58,IF(BB58<BD58,ROUNDDOWN(AC58/BB58,0),ROUNDDOWN(AC58/BD58,0)),IF(BB58<BD58,ROUNDDOWN(AO58/BB58,0),ROUNDDOWN(AO58/BD58,0))),"") | BB58: =IF(AA40=TRUE,IF(AC14*0.9-0.01<AH14*1.15,AC14*0.9-0.01,""),"") | BD58: =IF(AA40=TRUE,IF(AC14*0.9-0.01>AH14*1.15,AH14*1.15,""),"") | BF58: =IF(AA40=TRUE,ROUND(Z14/4,0),"") | BH58: =IF(AA40=TRUE,AC14*0.9,"") | BJ58: =IF(BF58="","",Z14-BF58) | BL58: =IF(BH58="","",(AC14*1.1)) | BT58: =$J$16 -> 0.1 | BW58: =IF(O16>AS38,IF(BY58<BY59,ROUNDDOWN(AS38/2/BY58,0),""),IF(BY58<BY59,ROUNDDOWN(O16/2/BY58,0),"")) | BY58: =IF(AC16="","",AC16*(1+J16)) | CB58: =$J$16/2 -> 0.05 | CE58: =IF(AU34>=0.5,"",IF(CG58<CG59,ROUNDDOWN(O16/2/CG58,0),"")) | CG58: =IF(AC16="","",AC16*(1+J16/2)) | CJ58: =$J$16/2 -> 0.05 | CM58: =IF(AU34>=0.5,"",IF(CO58<CO59,ROUNDDOWN(O16/2/CO58,0),"")) | CO58: =IF(AC16="","",AC16*(1+J16/2)) | CR58: =IF(AX34="",J16,(J16-AX34*J16/20*(40/M16))) -> 0.1 | CU58: =IF(Z16="","",IF(CW58>CW59,"",IF(AU34<0.5,ROUNDDOWN(O16/2/CW58,0),IF(AS38<O16,ROUNDDOWN(AS38/CW58,0),ROUNDDOWN(O16/CW58,0))))) | CW58: =IF(AC16="","",AC16*(1+CR58))
B59: =LEFT(C15,2) | J59: =IF(AK40=TRUE,G15-(F59*H59),"") | P59: =IF(F59="","",ROUND(F59/4,0)) | T59: =IF(R59="","",P59*(R59-H59)) | W59: =IF(R59="","",P59*R59) | Z59: =IF(J59+M59+W59>0,J59+M59+W59,"") | AC59: =IF(Z59="","",IF(Z59/10>O15,O15,Z59/10)) | AF59: =IF(AC59="","",AC59*10) | AI59: =IF(F59*H59*P59*R59<>0,(F59-P59)*H59,"") | AL59: =IF(AI59="","",AI35-AI59) | AO59: =IF(AF59="","",AF59-AL59) | AR59: =IF(AC59="","",IF(AC59<O15,AF59-AL59,Z59-AL59)) | AU59: =IFERROR(__xludf.DUMMYFUNCTION("IFERROR(IF(AX59>=0.5,SPARKLINE(AX59,{""charttype"",""bar"";""max"",1;""color1"",""FFB400""}),SPARKLINE(AX59,{""charttype"",""bar"";""max"",1;""color1"",""80E12A""})),"""")"),"") | AX59: =IFERROR(IF(AO59<AH15,1,AL59/AF59),"") | AZ59: =IF(AK40=TRUE,IF(AO59>AC59,IF(BB59<BD59,ROUNDDOWN(AC59/BB59,0),ROUNDDOWN(AC59/BD59,0)),IF(BB59<BD59,ROUNDDOWN(AO59/BB59,0),ROUNDDOWN(AO59/BD59,0))),"") | BB59: =IF(AK40=TRUE,IF(AC15*0.9-0.01<AH15*1.15,AC15*0.9-0.01,""),"") | BD59: =IF(AK40=TRUE,IF(AC15*0.9-0.01>AH15*1.15,AH15*1.15,""),"") | BF59: =IF(AK40=TRUE,ROUND(Z15/4,0),"") | BH59: =IF(AK40=TRUE,AC15*0.9,"") | BJ59: =IF(BF59="","",Z15-BF59) | BL59: =IF(BH59="","",(AC15*1.1)) | BT59: 큰수 | BW59: =IF(O16>AS38,IF(BY58>BY59,ROUNDDOWN(AS38/BY59,0),""),IF(BY58>BY59,IF(BY57>BY59,ROUNDDOWN(O16/BY59,0),ROUNDDOWN(O16/2/BY59,0)),"")) | BY59: =IF(AC16="","",AH16*(1+BG16)) | CB59: 큰수 | CE59: =IF(Z16="","",IF(AU34>=0.5,IF(AS38<O16,ROUNDDOWN(AS38/CG59,0)-CE57,ROUNDDOWN(O16/CG59,0)-CE57),IF(CG58>CG59,IF(CG57>CG59,ROUNDDOWN(O16/CG59,0),ROUNDDOWN(O16/2/CG59,0)),""))) | CG59: =IF(AC16="","",AH16*(1+BG16)) | CJ59: 큰수 | CM59: =IF(Z16="","",IF(AU34>=0.5,IF(AS38<O16,ROUNDDOWN(AS38/CO59,0)-CM57,ROUNDDOWN(O16/CO59,0)-CM57),IF(CO58>CO59,IF(CO57>CO59,ROUNDDOWN(O16/CO59,0),ROUNDDOWN(O16/2/CO59,0)),""))) | CO59: =IF(AC16="","",AH16*(1+BG16)) | CR59: 큰수 | CU59: =IF(Z16="","",IF(CW58<CW59,"",IF(AS38<O16,ROUNDDOWN(AS38/CW59,0),IF(CW57>CW59,ROUNDDOWN(O16/CW59,0),ROUNDDOWN(O16/2/CW59,0))))) | CW59: =IF(AC16="","",AH16*(1+BG16))
B60: =LEFT(C16,2) | J60: =IF(AU40=TRUE,G16-(F60*H60),"") | P60: =IF(F60="","",ROUND(F60/4,0)) | T60: =IF(R60="","",P60*(R60-H60)) | W60: =IF(R60="","",P60*R60) | Z60: =IF(J60+M60+W60>0,J60+M60+W60,"") | AC60: =IF(Z60="","",IF(Z60/10>O16,O16,Z60/10)) | AF60: =IF(AC60="","",AC60*10) | AI60: =IF(F60*H60*P60*R60<>0,(F60-P60)*H60,"") | AL60: =IF(AI60="","",AS35-AI60) | AO60: =IF(AF60="","",AF60-AL60) | AR60: =IF(AC60="","",IF(AC60<O16,AF60-AL60,Z60-AL60)) | AU60: =IFERROR(__xludf.DUMMYFUNCTION("IFERROR(IF(AX60>=0.5,SPARKLINE(AX60,{""charttype"",""bar"";""max"",1;""color1"",""FFB400""}),SPARKLINE(AX60,{""charttype"",""bar"";""max"",1;""color1"",""80E12A""})),"""")"),"") | AX60: =IFERROR(IF(AO60<AH16,1,AL60/AF60),"") | AZ60: =IF(AU40=TRUE,IF(AO60>AC60,IF(BB60<BD60,ROUNDDOWN(AC60/BB60,0),ROUNDDOWN(AC60/BD60,0)),IF(BB60<BD60,ROUNDDOWN(AO60/BB60,0),ROUNDDOWN(AO60/BD60,0))),"") | BB60: =IF(AU40=TRUE,IF(AC16*0.9-0.01<AH16*1.15,AC16*0.9-0.01,""),"") | BD60: =IF(AU40=TRUE,IF(AC16*0.9-0.01>AH16*1.15,AH16*1.15,""),"") | BF60: =IF(AU40=TRUE,ROUND(Z16/4,0),"") | BH60: =IF(AU40=TRUE,AC16*0.9,"") | BJ60: =IF(BF60="","",Z16-BF60) | BL60: =IF(BH60="","",(AC16*1.1)) | BR60: 매도 | CJ60: 0 | CM60: =IF(Z16="","",IF(AU34>=0.5,(ROUND(Z16/4,0)),"")) | CO60: =IF(AC16="","",AC16*(1+$AV$14)) | CR60: =IF(AX34="","",(J16-AX34*J16/20*(40/M16))) | CU60: =IF(Z16="","",ROUND(Z16/4,0)) | CW60: =IF(AC16="","",IF(AND(39*(M16/40)<AX34,AX34<=40*(M16/40)),"MOC",AC16*(1+$AV$14+CR60)))
B61: B | J61: =IF(G25=TRUE,G7-(F51*H51),"") | T61: =IF(R51="","",P51*(R51-H51)) | W61: =IF(R51="","",P51*R51) | Z61: =IF(J51+M51+W51>0,J51+M51+W51,"") | AI61: =IF(F51*H51*P51*R51<>0,(F51-P51)*H51,"") | CB61: =$J$16/2 -> 0.05 | CE61: =IF(Z16="","",IF(AU34>=0.5,(ROUND(Z16/2,0)),"")) | CG61: =IF(AC16="","",AC16*(1+J16/2+$AV$14)) | CJ61: =$J$16/2 -> 0.05 | CM61: =IF(Z16="","",ROUND(Z16/4,0)) | CO61: =IF(AC16="","",AC16*(1+J16/2+$AV$14))
BT62: =$J$16 -> 0.1 | BW62: =IF(Z16="","",Z16) | BY62: =IF(AC16="","",AC16*(1+J16+$AV$14)) | CB62: =$J$16 -> 0.1 | CE62: =IF(CE61="",Z16,Z16-CE61) | CG62: =IF(AC16="","",AC16*(1+J16+$AV$14)) | CJ62: =$J$16 -> 0.1 | CM62: =IF(Z16="","",IF(AU34<0.5,Z16-CM61,Z16-CM60-CM61)) | CO62: =IF(AC16="","",AC16*(1+J16+$AV$14)) | CR62: =$J$16 -> 0.1 | CU62: =IF(Z16="","",Z16-CU60) | CW62: =IF(AC16="","",AC16*(1+J16+$AV$14))
B63: 쿼터손절 연속 시 -> 기존 쿼터손절 결과 기록
E64: 시작일 | H64: 기존 시드 확인 | R64: 쿼터손절(1/4 MOC 매도) 시드확보 | AK64: 진행 확인 | AW64: 시드 변화
C65: 종목 | H65: 수량 | J65: 평단가 | L65: 남은원금(A) | O65: 수익금(B) | R65: 수량 | T65: 매도가 | V65: 손익금 | Y65: 매도금(C) | AB65: 시드 | AE65: 10분할 | AH65: x10 | AK65: 손절 직후 | AN65: 매입금액 | AQ65: 남은시드(1) | AT65: 남은시드(2) | AW65: 횟수 | AY65: 쿼터 전 | BB65: 손익 | BE65: 쿼터 후
B66: 1 | CI66: 10000
B67: 2
B68: 3
B69: 4
B70: 5
B71: 6
B72: 7
B73: 8 | CE73: 10000
B74: 9
B75: 10
B76: 11
B77: 12
B78: 13
B79: 14
B80: 15
B83: 종목 DATA | AC83: 최소원금 계산기 | AI83: 분할 수
C84: Ticker | E84: 현재가 | H84: 추세(10) | K84: 전일대비 | N84: 등락률 | Q84: 기준RSI | S84: RSI | U84: 차이 | W84: 괴리율 | Y84: 진입 | AA84: ※ LOC | AC84: 1회 | AE84: 필요 원금 | AI84: 40
B85: 1 | C85: ='통합'!C52 -> SOXL | E85: ='통합'!E52 -> 136.81 | H85: =IFERROR(__xludf.DUMMYFUNCTION("IF($H$84=""추세(20)"",IFERROR(SPARKLINE(GOOGLEFINANCE(C85,""price"",TODAY()-26,TODAY(),1)),""Updating..""),IFERROR(SPARKLINE(GOOGLEFINANCE(C85,""price"",TODAY()-12,TODAY(),1)),""Updating..""))"),"") | K85: ='통합'!K52 -> 1.34 | N85: ='통합'!N52 -> 0.0099 | Q85: ='통합'!Q52 -> 65 | S85: ='통합'!S52 -> 39.65 | U85: ='통합'!U52 -> 25.35 | W85: ='통합'!W52 -> 0.39 | Y85: ='통합'!Y52 -> YES | AC85: 2 | AE85: =IF(AC85="","",E85*1.15*AC85*$AI$84) -> 12586.52 | AI85: 메모 2
B86: 2 | C86: ='통합'!C53 -> BULZ | E86: ='통합'!E53 -> 32.67 | H86: =IFERROR(__xludf.DUMMYFUNCTION("IF($H$84=""추세(20)"",IFERROR(SPARKLINE(GOOGLEFINANCE(C86,""price"",TODAY()-26,TODAY(),1)),""Updating..""),IFERROR(SPARKLINE(GOOGLEFINANCE(C86,""price"",TODAY()-12,TODAY(),1)),""Updating..""))"),"") | K86: ='통합'!K53 -> 0.37 | N86: ='통합'!N53 -> 0.0115 | Q86: ='통합'!Q53 -> 65 | S86: ='통합'!S53 -> 39.48 | U86: ='통합'!U53 -> 25.52 | W86: ='통합'!W53 -> 0.39261538 | Y86: ='통합'!Y53 -> YES | AC86: 2 | AE86: =IF(AC86="","",E86*1.15*AC86*$AI$84) -> 3005.64
B87: 3 | C87: ='통합'!C54 -> TQQQ | E87: ='통합'!E54 -> 67.65 | H87: =IFERROR(__xludf.DUMMYFUNCTION("IF($H$84=""추세(20)"",IFERROR(SPARKLINE(GOOGLEFINANCE(C87,""price"",TODAY()-26,TODAY(),1)),""Updating..""),IFERROR(SPARKLINE(GOOGLEFINANCE(C87,""price"",TODAY()-12,TODAY(),1)),""Updating..""))"),"") | K87: ='통합'!K54 -> 0.12 | N87: ='통합'!N54 -> 0.0018 | Q87: ='통합'!Q54 -> 60 | S87: ='통합'!S54 -> 40.95 | U87: ='통합'!U54 -> 19.05 | W87: ='통합'!W54 -> 0.3175 | Y87: ='통합'!Y54 -> YES | AC87: 2 | AE87: =IF(AC87="","",E87*1.15*AC87*$AI$84) -> 6223.8
B88: 4 | C88: ='통합'!C55 -> TECL | E88: ='통합'!E55 -> 177.86 | H88: =IFERROR(__xludf.DUMMYFUNCTION("IF($H$84=""추세(20)"",IFERROR(SPARKLINE(GOOGLEFINANCE(C88,""price"",TODAY()-26,TODAY(),1)),""Updating..""),IFERROR(SPARKLINE(GOOGLEFINANCE(C88,""price"",TODAY()-12,TODAY(),1)),""Updating..""))"),"") | K88: ='통합'!K55 -> 0.21 | N88: ='통합'!N55 -> 0.0012 | Q88: ='통합'!Q55 -> 60 | S88: ='통합'!S55 -> 41.24 | U88: ='통합'!U55 -> 18.76 | W88: ='통합'!W55 -> 0.31266667 | Y88: ='통합'!Y55 -> YES | AC88: 2 | AE88: =IF(AC88="","",E88*1.15*AC88*$AI$84) -> 16363.12
B89: 5 | C89: ='통합'!C56 -> WEBL | E89: ='통합'!E56 -> 24.37 | H89: =IFERROR(__xludf.DUMMYFUNCTION("IF($H$84=""추세(20)"",IFERROR(SPARKLINE(GOOGLEFINANCE(C89,""price"",TODAY()-26,TODAY(),1)),""Updating..""),IFERROR(SPARKLINE(GOOGLEFINANCE(C89,""price"",TODAY()-12,TODAY(),1)),""Updating..""))"),"") | K89: ='통합'!K56 -> 0.16 | N89: ='통합'!N56 -> 0.0066 | Q89: ='통합'!Q56 -> 60 | S89: ='통합'!S56 -> 49.15 | U89: ='통합'!U56 -> 10.85 | W89: ='통합'!W56 -> 0.18083333 | Y89: ='통합'!Y56 -> YES | AA89: ※ | AC89: 2 | AE89: =IF(AC89="","",E89*1.15*AC89*$AI$84) -> 2242.04
B90: 6 | C90: ='통합'!C57 -> UPRO | E90: ='통합'!E57 -> 138.47 | H90: =IFERROR(__xludf.DUMMYFUNCTION("IF($H$84=""추세(20)"",IFERROR(SPARKLINE(GOOGLEFINANCE(C90,""price"",TODAY()-26,TODAY(),1)),""Updating..""),IFERROR(SPARKLINE(GOOGLEFINANCE(C90,""price"",TODAY()-12,TODAY(),1)),""Updating..""))"),"") | K90: ='통합'!K57 -> -0.58 | N90: ='통합'!N57 -> -0.0042 | Q90: ='통합'!Q57 -> 55 | S90: ='통합'!S57 -> 46.19 | U90: ='통합'!U57 -> 8.81 | W90: ='통합'!W57 -> 0.16018182 | Y90: ='통합'!Y57 -> YES | AC90: 2 | AE90: =IF(AC90="","",E90*1.15*AC90*$AI$84) -> 12739.24
B91: 7 | C91: ='통합'!C58 -> FNGU | E91: ='통합'!E58 -> 27.05 | H91: =IFERROR(__xludf.DUMMYFUNCTION("IF($H$84=""추세(20)"",IFERROR(SPARKLINE(GOOGLEFINANCE(C91,""price"",TODAY()-26,TODAY(),1)),""Updating..""),IFERROR(SPARKLINE(GOOGLEFINANCE(C91,""price"",TODAY()-12,TODAY(),1)),""Updating..""))"),"") | K91: ='통합'!K58 -> 0.51 | N91: ='통합'!N58 -> 0.0192 | Q91: ='통합'!Q58 -> 55 | S91: ='통합'!S58 -> 47.97 | U91: ='통합'!U58 -> 7.03 | W91: ='통합'!W58 -> 0.12781818 | Y91: ='통합'!Y58 -> YES | AC91: 2 | AE91: =IF(AC91="","",E91*1.15*AC91*$AI$84) -> 2488.6
B92: 8 | C92: ='통합'!C59 -> HIBL | E92: ='통합'!E59 -> 94.92 | H92: =IFERROR(__xludf.DUMMYFUNCTION("IF($H$84=""추세(20)"",IFERROR(SPARKLINE(GOOGLEFINANCE(C92,""price"",TODAY()-26,TODAY(),1)),""Updating..""),IFERROR(SPARKLINE(GOOGLEFINANCE(C92,""price"",TODAY()-12,TODAY(),1)),""Updating..""))"),"") | K92: ='통합'!K59 -> -1.83 | N92: ='통합'!N59 -> -0.0189 | Q92: ='통합'!Q59 -> 55 | S92: ='통합'!S59 -> 39.28 | U92: ='통합'!U59 -> 15.72 | W92: ='통합'!W59 -> 0.28581818 | Y92: ='통합'!Y59 -> YES | AA92: ※ | AC92: 2 | AE92: =IF(AC92="","",E92*1.15*AC92*$AI$84) -> 8732.64
B93: 9 | C93: ='통합'!C60 -> WANT | E93: ='통합'!E60 -> 39.87 | H93: =IFERROR(__xludf.DUMMYFUNCTION("IF($H$84=""추세(20)"",IFERROR(SPARKLINE(GOOGLEFINANCE(C93,""price"",TODAY()-26,TODAY(),1)),""Updating..""),IFERROR(SPARKLINE(GOOGLEFINANCE(C93,""price"",TODAY()-12,TODAY(),1)),""Updating..""))"),"") | K93: ='통합'!K60 -> -0.68 | N93: ='통합'!N60 -> -0.0168 | Q93: ='통합'!Q60 -> 55 | S93: ='통합'!S60 -> 42.68 | U93: ='통합'!U60 -> 12.32 | W93: ='통합'!W60 -> 0.224 | Y93: ='통합'!Y60 -> YES | AA93: ※ | AC93: 2 | AE93: =IF(AC93="","",E93*1.15*AC93*$AI$84) -> 3668.04
B94: 10 | C94: ='통합'!C61 -> TNA | E94: ='통합'!E61 -> 68.76 | H94: =IFERROR(__xludf.DUMMYFUNCTION("IF($H$84=""추세(20)"",IFERROR(SPARKLINE(GOOGLEFINANCE(C94,""price"",TODAY()-26,TODAY(),1)),""Updating..""),IFERROR(SPARKLINE(GOOGLEFINANCE(C94,""price"",TODAY()-12,TODAY(),1)),""Updating..""))"),"") | K94: ='통합'!K61 -> -1.26 | N94: ='통합'!N61 -> -0.018 | Q94: ='통합'!Q61 -> 50 | S94: ='통합'!S61 -> 46.01 | U94: ='통합'!U61 -> 3.99 | W94: ='통합'!W61 -> 0.0798 | Y94: ='통합'!Y61 -> YES | AC94: 2 | AE94: =IF(AC94="","",E94*1.15*AC94*$AI$84) -> 6325.92
B95: 11 | C95: ='통합'!C62 -> NAIL | E95: ='통합'!E62 -> 38.8 | H95: =IFERROR(__xludf.DUMMYFUNCTION("IF($H$84=""추세(20)"",IFERROR(SPARKLINE(GOOGLEFINANCE(C95,""price"",TODAY()-26,TODAY(),1)),""Updating..""),IFERROR(SPARKLINE(GOOGLEFINANCE(C95,""price"",TODAY()-12,TODAY(),1)),""Updating..""))"),"") | K95: ='통합'!K62 -> -2.46 | N95: ='통합'!N62 -> -0.0596 | Q95: ='통합'!Q62 -> 50 | S95: ='통합'!S62 -> 41.93 | U95: ='통합'!U62 -> 8.07 | W95: ='통합'!W62 -> 0.1614 | Y95: ='통합'!Y62 -> YES | AA95: ※ | AC95: 2 | AE95: =IF(AC95="","",E95*1.15*AC95*$AI$84) -> 3569.6
B96: 12 | C96: ='통합'!C63 -> RETL | E96: ='통합'!E63 -> 9.36 | H96: =IFERROR(__xludf.DUMMYFUNCTION("IF($H$84=""추세(20)"",IFERROR(SPARKLINE(GOOGLEFINANCE(C96,""price"",TODAY()-26,TODAY(),1)),""Updating..""),IFERROR(SPARKLINE(GOOGLEFINANCE(C96,""price"",TODAY()-12,TODAY(),1)),""Updating..""))"),"") | K96: ='통합'!K63 -> -0.17 | N96: ='통합'!N63 -> -0.0178 | Q96: ='통합'!Q63 -> 50 | S96: ='통합'!S63 -> 56.1 | U96: ='통합'!U63 -> -6.1 | W96: ='통합'!W63 -> -0.122 | Y96: ='통합'!Y63 -> NO | AA96: ※ | AC96: 2 | AE96: =IF(AC96="","",E96*1.15*AC96*$AI$84) -> 861.12
B97: 13 | C97: ='통합'!C64 -> UDOW | E97: ='통합'!E64 -> 67.98 | H97: =IFERROR(__xludf.DUMMYFUNCTION("IF($H$84=""추세(20)"",IFERROR(SPARKLINE(GOOGLEFINANCE(C97,""price"",TODAY()-26,TODAY(),1)),""Updating..""),IFERROR(SPARKLINE(GOOGLEFINANCE(C97,""price"",TODAY()-12,TODAY(),1)),""Updating..""))"),"") | K97: ='통합'!K64 -> -1.2 | N97: ='통합'!N64 -> -0.0173 | Q97: ='통합'!Q64 -> 50 | S97: ='통합'!S64 -> 46.17 | U97: ='통합'!U64 -> 3.83 | W97: ='통합'!W64 -> 0.0766 | Y97: ='통합'!Y64 -> YES | AC97: 2 | AE97: =IF(AC97="","",E97*1.15*AC97*$AI$84) -> 6254.16
B98: 14 | C98: ='통합'!C65 -> LABU | E98: ='통합'!E65 -> 249.1 | H98: =IFERROR(__xludf.DUMMYFUNCTION("IF($H$84=""추세(20)"",IFERROR(SPARKLINE(GOOGLEFINANCE(C98,""price"",TODAY()-26,TODAY(),1)),""Updating..""),IFERROR(SPARKLINE(GOOGLEFINANCE(C98,""price"",TODAY()-12,TODAY(),1)),""Updating..""))"),"") | K98: ='통합'!K65 -> -16.46 | N98: ='통합'!N65 -> -0.062 | Q98: ='통합'!Q65 -> 45 | S98: ='통합'!S65 -> 47.55 | U98: ='통합'!U65 -> -2.55 | W98: ='통합'!W65 -> -0.056666667 | Y98: ='통합'!Y65 -> NO | AC98: 2 | AE98: =IF(AC98="","",E98*1.15*AC98*$AI$84) -> 22917.2
B99: 15 | C99: ='통합'!C66 -> PILL | E99: ='통합'!E66 -> 18.06 | H99: =IFERROR(__xludf.DUMMYFUNCTION("IF($H$84=""추세(20)"",IFERROR(SPARKLINE(GOOGLEFINANCE(C99,""price"",TODAY()-26,TODAY(),1)),""Updating..""),IFERROR(SPARKLINE(GOOGLEFINANCE(C99,""price"",TODAY()-12,TODAY(),1)),""Updating..""))"),"") | K99: ='통합'!K66 -> -1.42 | N99: ='통합'!N66 -> -0.0729 | Q99: ='통합'!Q66 -> 45 | S99: ='통합'!S66 -> 54.48 | U99: ='통합'!U66 -> -9.48 | W99: ='통합'!W66 -> -0.21066667 | Y99: ='통합'!Y66 -> NO | AA99: ※ | AC99: 2 | AE99: =IF(AC99="","",E99*1.15*AC99*$AI$84) -> 1661.52
B100: 16 | C100: ='통합'!C67 -> CURE | E100: ='통합'!E67 -> 112.06 | H100: =IFERROR(__xludf.DUMMYFUNCTION("IF($H$84=""추세(20)"",IFERROR(SPARKLINE(GOOGLEFINANCE(C100,""price"",TODAY()-26,TODAY(),1)),""Updating..""),IFERROR(SPARKLINE(GOOGLEFINANCE(C100,""price"",TODAY()-12,TODAY(),1)),""Updating..""))"),"") | K100: ='통합'!K67 -> -3.97 | N100: ='통합'!N67 -> -0.0342 | Q100: ='통합'!Q67 -> 45 | S100: ='통합'!S67 -> 51.95 | U100: ='통합'!U67 -> -6.95 | W100: ='통합'!W67 -> -0.15444444 | Y100: ='통합'!Y67 -> NO | AA100: ※ | AC100: 2 | AE100: =IF(AC100="","",E100*1.15*AC100*$AI$84) -> 10309.52
B101: 17 | C101: ='통합'!C68 -> MIDU | E101: ='통합'!E68 -> 68.03 | H101: =IFERROR(__xludf.DUMMYFUNCTION("IF($H$84=""추세(20)"",IFERROR(SPARKLINE(GOOGLEFINANCE(C101,""price"",TODAY()-26,TODAY(),1)),""Updating..""),IFERROR(SPARKLINE(GOOGLEFINANCE(C101,""price"",TODAY()-12,TODAY(),1)),""Updating..""))"),"") | K101: ='통합'!K68 -> -1.76 | N101: ='통합'!N68 -> -0.0252 | Q101: ='통합'!Q68 -> 45 | S101: ='통합'!S68 -> 44.67 | U101: ='통합'!U68 -> 0.33 | W101: ='통합'!W68 -> 0.0073333333 | Y101: ='통합'!Y68 -> YES | AA101: ※ | AC101: 2 | AE101: =IF(AC101="","",E101*1.15*AC101*$AI$84) -> 6258.76
B102: 18 | C102: ='통합'!C69 -> FAS | E102: ='통합'!E69 -> 166.67 | H102: =IFERROR(__xludf.DUMMYFUNCTION("IF($H$84=""추세(20)"",IFERROR(SPARKLINE(GOOGLEFINANCE(C102,""price"",TODAY()-26,TODAY(),1)),""Updating..""),IFERROR(SPARKLINE(GOOGLEFINANCE(C102,""price"",TODAY()-12,TODAY(),1)),""Updating..""))"),"") | K102: ='통합'!K69 -> -1.75 | N102: ='통합'!N69 -> -0.0104 | Q102: ='통합'!Q69 -> 45 | S102: ='통합'!S69 -> 61.3 | U102: ='통합'!U69 -> -16.3 | W102: ='통합'!W69 -> -0.36222222 | Y102: ='통합'!Y69 -> NO | AC102: 2 | AE102: =IF(AC102="","",E102*1.15*AC102*$AI$84) -> 15333.64
B103: 19 | C103: ='통합'!C70 -> TPOR | E103: ='통합'!E70 -> 44.01 | H103: =IFERROR(__xludf.DUMMYFUNCTION("IF($H$84=""추세(20)"",IFERROR(SPARKLINE(GOOGLEFINANCE(C103,""price"",TODAY()-26,TODAY(),1)),""Updating..""),IFERROR(SPARKLINE(GOOGLEFINANCE(C103,""price"",TODAY()-12,TODAY(),1)),""Updating..""))"),"") | K103: ='통합'!K70 -> -1.54 | N103: ='통합'!N70 -> -0.0337 | Q103: ='통합'!Q70 -> 40 | S103: ='통합'!S70 -> 55.36 | U103: ='통합'!U70 -> -15.36 | W103: ='통합'!W70 -> -0.384 | Y103: ='통합'!Y70 -> NO | AA103: ※ | AC103: 2 | AE103: =IF(AC103="","",E103*1.15*AC103*$AI$84) -> 4048.92
...

Sheet 추매1
B2: 라오어 무한 매수법 | J2: 언이시트 | N2: 추매 1 | BT2: V1 | CB2: V2 | CJ2: V2.1 | CR2: V2.2
BP3: 1 | BR3: 매수 | BT3: 평단 | BW3: =IF(BY3>BY5,"",IF(E23<O7,IF(BY4<BY5,ROUNDDOWN(E23/BY3-BW4,0),ROUNDDOWN(E23/BY3-BW5,0)),IF(AC7="","",IF(BY4<BY5,ROUNDDOWN(O7/BY3-BW4,0),ROUNDDOWN(O7/BY3-BW5,0))))) | BY3: =IF(AC7="","",AC7) | CB3: 평단 | CE3: =IF(Z7="","",IF(CG3>CG5,"",IF(G19>=0.5,IF(O7>E23,ROUNDDOWN(E23/CG3,0),ROUNDDOWN(O7/CG3,0)),IF(AC7="","",IF(CG4<CG5,ROUNDDOWN(O7/CG3,0)-CE4,ROUNDDOWN(O7/CG3,0)-CE5))))) | CG3: =IF(AC7="","",AC7) | CJ3: 평단 | CM3: =IF(Z7="","",IF(CO3>CO5,"",IF(G19>=0.5,IF(O7>E23,ROUNDDOWN(E23/CO3,0),ROUNDDOWN(O7/CO3,0)),IF(AC7="","",IF(CO4<CO5,ROUNDDOWN(O7/CO3,0)-CM4,ROUNDDOWN(O7/CO3,0)-CM5))))) | CO3: =IF(AC7="","",AC7) | CR3: 평단 | CU3: =IF(CW3>CW5,"",IF(G19<0.5,IF(AC7="","",IF(CW4<CW5,ROUNDDOWN(O7/CW3,0)-CU4,ROUNDDOWN(O7/CW3,0)-CU5)),"")) | CW3: =IF(AC7="","",AC7)
BT4: =$J$7 -> 0.1 | BW4: =IF(O7>E23,IF(BY4<BY5,ROUNDDOWN(E23/2/BY4,0),""),IF(BY4<BY5,ROUNDDOWN(O7/2/BY4,0),"")) | BY4: =IF(AC7="","",AC7*(1+J7)) | CB4: =$J$7/2 -> 0.05 | CE4: =IF(G19>=0.5,"",IF(CG4<CG5,ROUNDDOWN(O7/2/CG4,0),"")) | CG4: =IF(AC7="","",AC7*(1+J7/2)) | CJ4: =$J$7/2 -> 0.05 | CM4: =IF(G19>=0.5,"",IF(CO4<CO5,ROUNDDOWN(O7/2/CO4,0),"")) | CO4: =IF(AC7="","",AC7*(1+J7/2)) | CR4: =IF(J19="",J7,(J7-J19*J7/20*(40/M7))) -> 0.1 | CU4: =IF(Z7="","",IF(CW4>CW5,"",IF(G19<0.5,ROUNDDOWN(O7/2/CW4,0),IF(E23<O7,ROUNDDOWN(E23/CW4,0),ROUNDDOWN(O7/CW4,0))))) | CW4: =IF(AC7="","",AC7*(1+CR4))
C5: 첫 매수 시 기록 | Z5: 매일 기록 | AF5: 종목 정보 | AS5: 시드 현황 | BT5: 큰수 | BW5: =IF(O7>E23,IF(BY4>BY5,ROUNDDOWN(E23/BY5,0),""),IF(BY4>BY5,IF(BY3>BY5,ROUNDDOWN(O7/BY5,0),ROUNDDOWN(O7/2/BY5,0)),"")) | BY5: =IF(AC7="","",AH7*(1+BG16)) | CB5: 큰수 | CE5: =IF(Z7="","",IF(G19>=0.5,IF(E23<O7,ROUNDDOWN(E23/CG5,0)-CE3,ROUNDDOWN(O7/CG5,0)-CE3),IF(CG4>CG5,IF(CG3>CG5,ROUNDDOWN(O7/CG5,0),ROUNDDOWN(O7/2/CG5,0)),""))) | CG5: =IF(AC7="","",AH7*(1+BG16)) | CJ5: 큰수 | CM5: =IF(Z7="","",IF(G19>=0.5,IF(E23<O7,ROUNDDOWN(E23/CO5,0)-CM3,ROUNDDOWN(O7/CO5,0)-CM3),IF(CO4>CO5,IF(CO3>CO5,ROUNDDOWN(O7/CO5,0),ROUNDDOWN(O7/2/CO5,0)),""))) | CO5: =IF(AC7="","",AH7*(1+BG16)) | CR5: 큰수 | CU5: =IF(Z7="","",IF(CW4<CW5,"",IF(E23<O7,ROUNDDOWN(E23/CW5,0),IF(CW3>CW5,ROUNDDOWN(O7/CW5,0),ROUNDDOWN(O7/2/CW5,0))))) | CW5: =IF(AC7="","",AH7*(1+BG16))
C6: 종목 | E6: 매수법 | G6: 원금 | J6: 매도지점 | M6: 분할 | O6: 매수금 | R6: 매수량 | T6: 매수시작일 | W6: 최초매입가 | Z6: 잔고수량 | AC6: 평단가 | AF6: RSI | AH6: 현재가 | AJ6: =H95 -> 추세(10) | AM6: 전일대비 | AP6: 등락률 | BR6: 매도 | CJ6: 0 | CM6: =IF(Z7="","",IF(G19>=0.5,(ROUND(Z7/4,0)),"")) | CO6: =IF(AC7="","",AC7*(1+$AV$14)) | CR6: =IF(J19="","",(J7-J19*J7/20*(40/M7))) | CU6: =IF(Z7="","",ROUND(Z7/4,0)) | CW6: =IF(AC7="","",IF(AND(39*(M7/40)<J19,J19<=40*(M7/40)),"MOC",AC7*(1+$AV$14+CR6)))
B7: 1 | E7: V2.2 | J7: 0.1 | M7: 40 | O7: =IF(G7="","",G7/M7) | R7: =IFERROR(IF(G7="","",ROUNDDOWN(O7/AH7,0)),"") | AF7: =IF(C7="","",VLOOKUP(C7,$C$96:$T$121,17,FALSE)) | AH7: =IF(C7="","",VLOOKUP(C7,$C$96:$T$121,3,FALSE)) | AJ7: =IF(C7="","",VLOOKUP(C7,$C$96:$T$121,6,FALSE)) | AM7: =IF(C7="","",VLOOKUP(C7,$C$96:$T$121,9,FALSE)) | AP7: =IF(C7="","",VLOOKUP(C7,$C$96:$T$121,12,FALSE)) | AS7: 원금 합계 | AV7: =IF(SUM(G7:I16)=0,"",SUM(G7:I16)) | AZ7: 평가금 | BB7: =IF(AV9="","",E21+O21+Y21+AI21+AS21+E42+O42+Y42+AI42+AS42) | CB7: =$J$7/2 -> 0.05 | CE7: =IF(Z7="","",IF(G19>=0.5,(ROUND(Z7/2,0)),"")) | CG7: =IF(AC7="","",AC7*(1+J7/2+$AV$14)) | CJ7: =$J$7/2 -> 0.05 | CM7: =IF(Z7="","",ROUND(Z7/4,0)) | CO7: =IF(AC7="","",AC7*(1+J7/2+$AV$14))
B8: 2 | E8: V2.2 | J8: 0.1 | M8: 40 | O8: =IF(G8="","",G8/M8) | R8: =IFERROR(IF(G8="","",ROUNDDOWN(O8/AH8,0)),"") | AF8: =IF(C8="","",VLOOKUP(C8,$C$96:$T$121,17,FALSE)) | AH8: =IF(C8="","",VLOOKUP(C8,$C$96:$T$121,3,FALSE)) | AJ8: =IF(C8="","",VLOOKUP(C8,$C$96:$T$121,6,FALSE)) | AM8: =IF(C8="","",VLOOKUP(C8,$C$96:$T$121,9,FALSE)) | AP8: =IF(C8="","",VLOOKUP(C8,$C$96:$T$121,12,FALSE)) | AZ8: 손익 | BB8: =IF(BB7="","",BB7-AV9) | BT8: =$J$7 -> 0.1 | BW8: =IF(Z7="","",Z7) | BY8: =IF(AC7="","",AC7*(1+J7+$AV$14)) | CB8: =$J$7 -> 0.1 | CE8: =IF(CE7="",Z7,Z7-CE7) | CG8: =IF(AC7="","",AC7*(1+J7+$AV$14)) | CJ8: =$J$7 -> 0.1 | CM8: =IF(Z7="","",IF(G19<0.5,Z7-CM7,Z7-CM6-CM7)) | CO8: =IF(AC7="","",AC7*(1+J7+$AV$14)) | CR8: =$J$7 -> 0.1 | CU8: =IF(Z7="","",Z7-CU6) | CW8: =IF(AC7="","",AC7*(1+J7+$AV$14))
B9: 3 | E9: V2.2 | J9: 0.1 | M9: 40 | O9: =IF(G9="","",G9/M9) | R9: =IFERROR(IF(G9="","",ROUNDDOWN(O9/AH9,0)),"") | AF9: =IF(C9="","",VLOOKUP(C9,$C$96:$T$121,17,FALSE)) | AH9: =IF(C9="","",VLOOKUP(C9,$C$96:$T$121,3,FALSE)) | AJ9: =IF(C9="","",VLOOKUP(C9,$C$96:$T$121,6,FALSE)) | AM9: =IF(C9="","",VLOOKUP(C9,$C$96:$T$121,9,FALSE)) | AP9: =IF(C9="","",VLOOKUP(C9,$C$96:$T$121,12,FALSE)) | AS9: 매입 금액 | AV9: =IF(AV7="","",E20+O20+Y20+AI20+AS20+E41+O41+Y41+AI41+AS41) | AZ9: 수익률 | BB9: ↔투입 | BD9: =IFERROR(BB8/AV9,0) -> 0 | BP9: 2 | BR9: 매수 | BT9: 평단 | BW9: =IF(BY9>BY11,"",IF(O23<O8,IF(BY10<BY11,ROUNDDOWN(O23/BY9-BW10,0),ROUNDDOWN(O23/BY9-BW11,0)),IF(AC8="","",IF(BY10<BY11,ROUNDDOWN(O8/BY9-BW10,0),ROUNDDOWN(O8/BY9-BW11,0))))) | BY9: =IF(AC8="","",AC8) | CB9: 평단 | CE9: =IF(Z8="","",IF(CG9>CG11,"",IF(Q19>=0.5,IF(O8>O23,ROUNDDOWN(O23/CG9,0),ROUNDDOWN(O8/CG9,0)),IF(AC8="","",IF(CG10<CG11,ROUNDDOWN(O8/CG9,0)-CE10,ROUNDDOWN(O8/CG9,0)-CE11))))) | CG9: =IF(AC8="","",AC8) | CJ9: 평단 | CM9: =IF(Z8="","",IF(CO9>CO11,"",IF(Q19>=0.5,IF(O8>O23,ROUNDDOWN(O23/CO9,0),ROUNDDOWN(O8/CO9,0)),IF(AC8="","",IF(CO10<CO11,ROUNDDOWN(O8/CO9,0)-CM10,ROUNDDOWN(O8/CO9,0)-CM11))))) | CO9: =IF(AC8="","",AC8) | CR9: 평단 | CU9: =IF(CW9>CW11,"",IF(Q19<0.5,IF(AC8="","",IF(CW10<CW11,ROUNDDOWN(O8/CW9,0)-CU10,ROUNDDOWN(O8/CW9,0)-CU11)),"")) | CW9: =IF(AC8="","",AC8)
B10: 4 | E10: V2.2 | J10: 0.1 | M10: 40 | O10: =IF(G10="","",G10/M10) | R10: =IFERROR(IF(G10="","",ROUNDDOWN(O10/AH10,0)),"") | AF10: =IF(C10="","",VLOOKUP(C10,$C$96:$T$121,17,FALSE)) | AH10: =IF(C10="","",VLOOKUP(C10,$C$96:$T$121,3,FALSE)) | AJ10: =IF(C10="","",VLOOKUP(C10,$C$96:$T$121,6,FALSE)) | AM10: =IF(C10="","",VLOOKUP(C10,$C$96:$T$121,9,FALSE)) | AP10: =IF(C10="","",VLOOKUP(C10,$C$96:$T$121,12,FALSE)) | AS10: 남은 원금 | AV10: =IF(AV7="","",AV7-AV9) | BB10: =IFERROR(__xludf.DUMMYFUNCTION("IFERROR(SPARKLINE(BD9,{""charttype"", ""column"";""color"",""FF0000""; ""negcolor"", ""0000FF""; ""ymin"", -0.3 ; ""ymax"", +0.2 ;""axis"",true ; ""axiscolor"",""000000""}),"""")"),"") | BT10: =$J$8 -> 0.1 | BW10: =IF(O8>O23,IF(BY10<BY11,ROUNDDOWN(O23/2/BY10,0),""),IF(BY10<BY11,ROUNDDOWN(O8/2/BY10,0),"")) | BY10: =IF(AC8="","",AC8*(1+J8)) | CB10: =$J$8/2 -> 0.05 | CE10: =IF(Q19>=0.5,"",IF(CG10<CG11,ROUNDDOWN(O8/2/CG10,0),"")) | CG10: =IF(AC8="","",AC8*(1+J8/2)) | CJ10: =$J$8/2 -> 0.05 | CM10: =IF(Q19>=0.5,"",IF(CO10<CO11,ROUNDDOWN(O8/2/CO10,0),"")) | CO10: =IF(AC8="","",AC8*(1+J8/2)) | CR10: =IF(T19="",J8,(J8-T19*J8/20*(40/M8))) -> 0.1 | CU10: =IF(Z8="","",IF(CW10>CW11,"",IF(Q19<0.5,ROUNDDOWN(O8/2/CW10,0),IF(O23<O8,ROUNDDOWN(O23/CW10,0),ROUNDDOWN(O8/CW10,0))))) | CW10: =IF(AC8="","",AC8*(1+CR10))
B11: 5 | E11: V2.2 | J11: 0.1 | M11: 40 | O11: =IF(G11="","",G11/M11) | R11: =IFERROR(IF(G11="","",ROUNDDOWN(O11/AH11,0)),"") | AF11: =IF(C11="","",VLOOKUP(C11,$C$96:$T$121,17,FALSE)) | AH11: =IF(C11="","",VLOOKUP(C11,$C$96:$T$121,3,FALSE)) | AJ11: =IF(C11="","",VLOOKUP(C11,$C$96:$T$121,6,FALSE)) | AM11: =IF(C11="","",VLOOKUP(C11,$C$96:$T$121,9,FALSE)) | AP11: =IF(C11="","",VLOOKUP(C11,$C$96:$T$121,12,FALSE)) | AS11: 소진율 | AV11: =IF(AV10="","",AV9/AV7) | BT11: 큰수 | BW11: =IF(O8>O23,IF(BY10>BY11,ROUNDDOWN(O23/BY11,0),""),IF(BY10>BY11,IF(BY9>BY11,ROUNDDOWN(O8/BY11,0),ROUNDDOWN(O8/2/BY11,0)),"")) | BY11: =IF(AC8="","",AH8*(1+BG16)) | CB11: 큰수 | CE11: =IF(Z8="","",IF(Q19>=0.5,IF(O23<O8,ROUNDDOWN(O23/CG11,0)-CE9,ROUNDDOWN(O8/CG11,0)-CE9),IF(CG10>CG11,IF(CG9>CG11,ROUNDDOWN(O8/CG11,0),ROUNDDOWN(O8/2/CG11,0)),""))) | CG11: =IF(AC8="","",AH8*(1+BG16)) | CJ11: 큰수 | CM11: =IF(Z8="","",IF(Q19>=0.5,IF(O23<O8,ROUNDDOWN(O23/CO11,0)-CM9,ROUNDDOWN(O8/CO11,0)-CM9),IF(CO10>CO11,IF(CO9>CO11,ROUNDDOWN(O8/CO11,0),ROUNDDOWN(O8/2/CO11,0)),""))) | CO11: =IF(AC8="","",AH8*(1+BG16)) | CR11: 큰수 | CU11: =IF(Z8="","",IF(CW10<CW11,"",IF(O23<O8,ROUNDDOWN(O23/CW11,0),IF(CW9>CW11,ROUNDDOWN(O8/CW11,0),ROUNDDOWN(O8/2/CW11,0))))) | CW11: =IF(AC8="","",AH8*(1+BG16))
B12: 6 | E12: V2.2 | J12: 0.1 | M12: 40 | O12: =IF(G12="","",G12/M12) | R12: =IFERROR(IF(G12="","",ROUNDDOWN(O12/AH12,0)),"") | AF12: =IF(C12="","",VLOOKUP(C12,$C$96:$T$121,17,FALSE)) | AH12: =IF(C12="","",VLOOKUP(C12,$C$96:$T$121,3,FALSE)) | AJ12: =IF(C12="","",VLOOKUP(C12,$C$96:$T$121,6,FALSE)) | AM12: =IF(C12="","",VLOOKUP(C12,$C$96:$T$121,9,FALSE)) | AP12: =IF(C12="","",VLOOKUP(C12,$C$96:$T$121,12,FALSE)) | AS12: =IFERROR(__xludf.DUMMYFUNCTION("IFERROR(IF(AV11>=0.5,SPARKLINE(AV11,{""charttype"",""bar"";""max"",1;""color1"",""FFB400""}),SPARKLINE(AV11,{""charttype"",""bar"";""max"",1;""color1"",""80E12A""})),"""")"),"") | BR12: 매도 | CJ12: 0 | CM12: =IF(Z8="","",IF(Q19>=0.5,(ROUND(Z8/4,0)),"")) | CO12: =IF(AC8="","",AC8*(1+$AV$14)) | CR12: =IF(T19="","",(J8-T19*J8/20*(40/M8))) | CU12: =IF(Z8="","",ROUND(Z8/4,0)) | CW12: =IF(AC8="","",IF(AND(39*(M8/40)<T19,T19<=40*(M8/40)),"MOC",AC8*(1+$AV$14+CR12)))
B13: 7 | E13: V2.2 | J13: 0.1 | M13: 40 | O13: =IF(G13="","",G13/M13) | R13: =IFERROR(IF(G13="","",ROUNDDOWN(O13/AH13,0)),"") | AF13: =IF(C13="","",VLOOKUP(C13,$C$96:$T$121,17,FALSE)) | AH13: =IF(C13="","",VLOOKUP(C13,$C$96:$T$121,3,FALSE)) | AJ13: =IF(C13="","",VLOOKUP(C13,$C$96:$T$121,6,FALSE)) | AM13: =IF(C13="","",VLOOKUP(C13,$C$96:$T$121,9,FALSE)) | AP13: =IF(C13="","",VLOOKUP(C13,$C$96:$T$121,12,FALSE)) | AS13: 1일 매입액 | AV13: =SUM(O7:Q16) -> 0 | BB13: ↔원금 | BD13: =IFERROR(BB8/AV7,0) -> 0 | CB13: =$J$8/2 -> 0.05 | CE13: =IF(Z8="","",IF(Q19>=0.5,(ROUND(Z8/2,0)),"")) | CG13: =IF(AC8="","",AC8*(1+J8/2+$AV$14)) | CJ13: =$J$8/2 -> 0.05 | CM13: =IF(Z8="","",ROUND(Z8/4,0)) | CO13: =IF(AC8="","",AC8*(1+J8/2+$AV$14))
B14: 8 | E14: V2.2 | J14: 0.1 | M14: 40 | O14: =IF(G14="","",G14/M14) | R14: =IFERROR(IF(G14="","",ROUNDDOWN(O14/AH14,0)),"") | AF14: =IF(C14="","",VLOOKUP(C14,$C$96:$T$121,17,FALSE)) | AH14: =IF(C14="","",VLOOKUP(C14,$C$96:$T$121,3,FALSE)) | AJ14: =IF(C14="","",VLOOKUP(C14,$C$96:$T$121,6,FALSE)) | AM14: =IF(C14="","",VLOOKUP(C14,$C$96:$T$121,9,FALSE)) | AP14: =IF(C14="","",VLOOKUP(C14,$C$96:$T$121,12,FALSE)) | AS14: 매도수수료 | AV14: 0.0002 | BB14: =IFERROR(__xludf.DUMMYFUNCTION("IFERROR(SPARKLINE(BD13,{""charttype"", ""column"";""color"",""FF0000""; ""negcolor"", ""0000FF""; ""ymin"", -0.3 ; ""ymax"", +0.2 ;""axis"",true ; ""axiscolor"",""000000""}),"""")"),"") | BT14: =$J$8 -> 0.1 | BW14: =IF(Z8="","",Z8) | BY14: =IF(AC8="","",AC8*(1+J8+$AV$14)) | CB14: =$J$8 -> 0.1 | CE14: =IF(CE13="",Z8,Z8-CE13) | CG14: =IF(AC8="","",AC8*(1+J8+$AV$14)) | CJ14: =$J$8 -> 0.1 | CM14: =IF(Z8="","",IF(Q19<0.5,Z8-CM13,Z8-CM12-CM13)) | CO14: =IF(AC8="","",AC8*(1+J8+$AV$14)) | CR14: =$J$8 -> 0.1 | CU14: =IF(Z8="","",Z8-CU12) | CW14: =IF(AC8="","",AC8*(1+J8+$AV$14))
B15: 9 | E15: V2.2 | J15: 0.1 | M15: 40 | O15: =IF(G15="","",G15/M15) | R15: =IFERROR(IF(G15="","",ROUNDDOWN(O15/AH15,0)),"") | AF15: =IF(C15="","",VLOOKUP(C15,$C$96:$T$121,17,FALSE)) | AH15: =IF(C15="","",VLOOKUP(C15,$C$96:$T$121,3,FALSE)) | AJ15: =IF(C15="","",VLOOKUP(C15,$C$96:$T$121,6,FALSE)) | AM15: =IF(C15="","",VLOOKUP(C15,$C$96:$T$121,9,FALSE)) | AP15: =IF(C15="","",VLOOKUP(C15,$C$96:$T$121,12,FALSE)) | AS15: 증액가능 | AV15: =COUNTA(C7:C16)*2/100 -> 0 | BG15: 큰수 기준 | BP15: 3 | BR15: 매수 | BT15: 평단 | BW15: =IF(BY15>BY17,"",IF(Y23<O9,IF(BY16<BY17,ROUNDDOWN(Y23/BY15-BW16,0),ROUNDDOWN(Y23/BY15-BW17,0)),IF(AC9="","",IF(BY16<BY17,ROUNDDOWN(O9/BY15-BW16,0),ROUNDDOWN(O9/BY15-BW17,0))))) | BY15: =IF(AC9="","",AC9) | CB15: 평단 | CE15: =IF(Z9="","",IF(CG15>CG17,"",IF(AA19>=0.5,IF(O9>Y23,ROUNDDOWN(Y23/CG15,0),ROUNDDOWN(O9/CG15,0)),IF(AC9="","",IF(CG16<CG17,ROUNDDOWN(O9/CG15,0)-CE16,ROUNDDOWN(O9/CG15,0)-CE17))))) | CG15: =IF(AC9="","",AC9) | CJ15: 평단 | CM15: =IF(Z9="","",IF(CO15>CO17,"",IF(AA19>=0.5,IF(O9>Y23,ROUNDDOWN(Y23/CO15,0),ROUNDDOWN(O9/CO15,0)),IF(AC9="","",IF(CO16<CO17,ROUNDDOWN(O9/CO15,0)-CM16,ROUNDDOWN(O9/CO15,0)-CM17))))) | CO15: =IF(AC9="","",AC9) | CR15: 평단 | CU15: =IF(CW15>CW17,"",IF(AA19<0.5,IF(AC9="","",IF(CW16<CW17,ROUNDDOWN(O9/CW15,0)-CU16,ROUNDDOWN(O9/CW15,0)-CU17)),"")) | CW15: =IF(AC9="","",AC9)
B16: 10 | E16: V2.2 | J16: 0.1 | M16: 40 | O16: =IF(G16="","",G16/M16) | R16: =IFERROR(IF(G16="","",ROUNDDOWN(O16/AH16,0)),"") | AF16: =IF(C16="","",VLOOKUP(C16,$C$96:$T$121,17,FALSE)) | AH16: =IF(C16="","",VLOOKUP(C16,$C$96:$T$121,3,FALSE)) | AJ16: =IF(C16="","",VLOOKUP(C16,$C$96:$T$121,6,FALSE)) | AM16: =IF(C16="","",VLOOKUP(C16,$C$96:$T$121,9,FALSE)) | AP16: =IF(C16="","",VLOOKUP(C16,$C$96:$T$121,12,FALSE)) | AS16: TODAY | AV16: =TODAY() -> 46224 | BG16: 0.15 | BT16: =$J$9 -> 0.1 | BW16: =IF(O9>Y23,IF(BY16<BY17,ROUNDDOWN(Y23/2/BY16,0),""),IF(BY16<BY17,ROUNDDOWN(O9/2/BY16,0),"")) | BY16: =IF(AC9="","",AC9*(1+J9)) | CB16: =$J$9/2 -> 0.05 | CE16: =IF(AA19>=0.5,"",IF(CG16<CG17,ROUNDDOWN(O9/2/CG16,0),"")) | CG16: =IF(AC9="","",AC9*(1+J9/2)) | CJ16: =$J$9/2 -> 0.05 | CM16: =IF(AA19>=0.5,"",IF(CO16<CO17,ROUNDDOWN(O9/2/CO16,0),"")) | CO16: =IF(AC9="","",AC9*(1+J9/2)) | CR16: =IF(AD19="",J9,(J9-AD19*J9/20*(40/M9))) -> 0.1 | CU16: =IF(Z9="","",IF(CW16>CW17,"",IF(AA19<0.5,ROUNDDOWN(O9/2/CW16,0),IF(Y23<O9,ROUNDDOWN(Y23/CW16,0),ROUNDDOWN(O9/CW16,0))))) | CW16: =IF(AC9="","",AC9*(1+CR16))
BT17: 큰수 | BW17: =IF(O9>Y23,IF(BY16>BY17,ROUNDDOWN(Y23/BY17,0),""),IF(BY16>BY17,IF(BY15>BY17,ROUNDDOWN(O9/BY17,0),ROUNDDOWN(O9/2/BY17,0)),"")) | BY17: =IF(AC9="","",AH9*(1+BG16)) | CB17: 큰수 | CE17: =IF(Z9="","",IF(AA19>=0.5,IF(Y23<O9,ROUNDDOWN(Y23/CG17,0)-CE15,ROUNDDOWN(O9/CG17,0)-CE15),IF(CG16>CG17,IF(CG15>CG17,ROUNDDOWN(O9/CG17,0),ROUNDDOWN(O9/2/CG17,0)),""))) | CG17: =IF(AC9="","",AH9*(1+BG16)) | CJ17: 큰수 | CM17: =IF(Z9="","",IF(AA19>=0.5,IF(Y23<O9,ROUNDDOWN(Y23/CO17,0)-CM15,ROUNDDOWN(O9/CO17,0)-CM15),IF(CO16>CO17,IF(CO15>CO17,ROUNDDOWN(O9/CO17,0),ROUNDDOWN(O9/2/CO17,0)),""))) | CO17: =IF(AC9="","",AH9*(1+BG16)) | CR17: 큰수 | CU17: =IF(Z9="","",IF(CW16<CW17,"",IF(Y23<O9,ROUNDDOWN(Y23/CW17,0),IF(CW15>CW17,ROUNDDOWN(O9/CW17,0),ROUNDDOWN(O9/2/CW17,0))))) | CW17: =IF(AC9="","",AH9*(1+BG16))
B18: 1 | C18: =IF(C7="","",C7) | J18: =IF(E7="","",E7) -> V2.2 | L18: 2 | M18: =IF(C8="","",C8) | T18: =IF(E8="","",E8) -> V2.2 | V18: 3 | W18: =IF(C9="","",C9) | AD18: =IF(E9="","",E9) -> V2.2 | AF18: 4 | AG18: =IF(C10="","",C10) | AN18: =IF(E10="","",E10) -> V2.2 | AP18: 5 | AQ18: =IF(C11="","",C11) | AX18: =IF(E11="","",E11) -> V2.2 | BA18: * 초록색은 LOC 매도 , 파란색은 지정가 매도 | BR18: 매도 | CJ18: 0 | CM18: =IF(Z9="","",IF(AA19>=0.5,(ROUND(Z9/4,0)),"")) | CO18: =IF(AC9="","",AC9*(1+$AV$14)) | CR18: =IF(AD19="","",(J9-AD19*J9/20*(40/M9))) | CU18: =IF(Z9="","",ROUND(Z9/4,0)) | CW18: =IF(AC9="","",IF(AND(39*(M9/40)<AD19,AD19<=40*(M9/40)),"MOC",AC9*(1+$AV$14+CR18)))
C19: =IFERROR(__xludf.DUMMYFUNCTION("IFERROR(IF(G19>=0.5,SPARKLINE(G19,{""charttype"",""bar"";""max"",1;""color1"",""FFB400""}),SPARKLINE(G19,{""charttype"",""bar"";""max"",1;""color1"",""80E12A""})),"""")"),"") | G19: =IFERROR(IF(J19="","",J19/M7),"") | J19: =IFERROR(IF(E24<1,M7,ROUNDUP(E20/O7,1)),"") | M19: =IFERROR(__xludf.DUMMYFUNCTION("IFERROR(IF(Q19>=0.5,SPARKLINE(Q19,{""charttype"",""bar"";""max"",1;""color1"",""FFB400""}),SPARKLINE(Q19,{""charttype"",""bar"";""max"",1;""color1"",""80E12A""})),"""")"),"") | Q19: =IFERROR(IF(T19="","",T19/M8),"") | T19: =IFERROR(IF(O24<1,M8,ROUNDUP(O20/O8,1)),"") | W19: =IFERROR(__xludf.DUMMYFUNCTION("IFERROR(IF(AA19>=0.5,SPARKLINE(AA19,{""charttype"",""bar"";""max"",1;""color1"",""FFB400""}),SPARKLINE(AA19,{""charttype"",""bar"";""max"",1;""color1"",""80E12A""})),"""")"),"") | AA19: =IFERROR(IF(AD19="","",AD19/M9),"") | AD19: =IFERROR(IF(Y24<1,M9,ROUNDUP(Y20/O9,1)),"") | AG19: =IFERROR(__xludf.DUMMYFUNCTION("IFERROR(IF(AK19>=0.5,SPARKLINE(AK19,{""charttype"",""bar"";""max"",1;""color1"",""FFB400""}),SPARKLINE(AK19,{""charttype"",""bar"";""max"",1;""color1"",""80E12A""})),"""")"),"") | AK19: =IFERROR(IF(AN19="","",AN19/M10),"") | AN19: =IFERROR(IF(AI24<1,M10,ROUNDUP(AI20/O10,1)),"") | AQ19: =IFERROR(__xludf.DUMMYFUNCTION("IFERROR(IF(AU19>=0.5,SPARKLINE(AU19,{""charttype"",""bar"";""max"",1;""color1"",""FFB400""}),SPARKLINE(AU19,{""charttype"",""bar"";""max"",1;""color1"",""80E12A""})),"""")"),"") | AU19: =IFERROR(IF(AX19="","",AX19/M11),"") | AX19: =IFERROR(IF(AS24<1,M11,ROUNDUP(AS20/O11,1)),"") | CB19: =$J$9/2 -> 0.05 | CE19: =IF(Z9="","",IF(AA19>=0.5,(ROUND(Z9/2,0)),"")) | CG19: =IF(AC9="","",AC9*(1+J9/2+$AV$14)) | CJ19: =$J$9/2 -> 0.05 | CM19: =IF(Z9="","",ROUND(Z9/4,0)) | CO19: =IF(AC9="","",AC9*(1+J9/2+$AV$14))
B20: 매입금액 | E20: =IF(Z7="","",Z7*AC7) | I20: =IFERROR(__xludf.DUMMYFUNCTION("IFERROR(SPARKLINE(I24,{""charttype"", ""column"";""color"",""FF0000""; ""negcolor"", ""0000FF""; ""ymin"", -0.3 ; ""ymax"", +0.2 ;""axis"",true ; ""axiscolor"",""000000""}),"""")"),"") | L20: 매입금액 | O20: =IF(Z8="","",Z8*AC8) | S20: =IFERROR(__xludf.DUMMYFUNCTION("IFERROR(SPARKLINE(S24,{""charttype"", ""column"";""color"",""FF0000""; ""negcolor"", ""0000FF""; ""ymin"", -0.3 ; ""ymax"", +0.2 ;""axis"",true ; ""axiscolor"",""000000""}),"""")"),"") | V20: 매입금액 | Y20: =IF(Z9="","",Z9*AC9) | AC20: =IFERROR(__xludf.DUMMYFUNCTION("IFERROR(SPARKLINE(AC24,{""charttype"", ""column"";""color"",""FF0000""; ""negcolor"", ""0000FF""; ""ymin"", -0.3 ; ""ymax"", +0.2 ;""axis"",true ; ""axiscolor"",""000000""}),"""")"),"") | AF20: 매입금액 | AI20: =IF(Z10="","",Z10*AC10) | AM20: =IFERROR(__xludf.DUMMYFUNCTION("IFERROR(SPARKLINE(AM24,{""charttype"", ""column"";""color"",""FF0000""; ""negcolor"", ""0000FF""; ""ymin"", -0.3 ; ""ymax"", +0.2 ;""axis"",true ; ""axiscolor"",""000000""}),"""")"),"") | AP20: 매입금액 | AS20: =IF(Z11="","",Z11*AC11) | AW20: =IFERROR(__xludf.DUMMYFUNCTION("IFERROR(SPARKLINE(AW24,{""charttype"", ""column"";""color"",""FF0000""; ""negcolor"", ""0000FF""; ""ymin"", -0.3 ; ""ymax"", +0.2 ;""axis"",true ; ""axiscolor"",""000000""}),"""")"),"") | BA20: * 큰 하락이 발생하였을 때 1회 매수금을 완전히 소진하여 매수되도록 하고 싶으시다면, 떡락 매수에 있는 가격 별로 1주씩 추가로 주문하시면 됩니다! | BT20: =$J$9 -> 0.1 | BW20: =IF(Z9="","",Z9) | BY20: =IF(AC9="","",AC9*(1+J9+$AV$14)) | CB20: =$J$9 -> 0.1 | CE20: =IF(CE19="",Z9,Z9-CE19) | CG20: =IF(AC9="","",AC9*(1+J9+$AV$14)) | CJ20: =$J$9 -> 0.1 | CM20: =IF(Z9="","",IF(AA19<0.5,Z9-CM19,Z9-CM18-CM19)) | CO20: =IF(AC9="","",AC9*(1+J9+$AV$14)) | CR20: =$J$9 -> 0.1 | CU20: =IF(Z9="","",Z9-CU18) | CW20: =IF(AC9="","",AC9*(1+J9+$AV$14))
B21: 평가금액 | E21: =IF(Z7="","",Z7*AH7) | L21: 평가금액 | O21: =IF(Z8="","",Z8*AH8) | V21: 평가금액 | Y21: =IF(Z9="","",Z9*AH9) | AF21: 평가금액 | AI21: =IF(Z10="","",Z10*AH10) | AP21: 평가금액 | AS21: =IF(Z11="","",Z11*AH11) | BP21: 4 | BR21: 매수 | BT21: 평단 | BW21: =IF(BY21>BY23,"",IF(AI23<O10,IF(BY22<BY23,ROUNDDOWN(AI23/BY21-BW22,0),ROUNDDOWN(AI23/BY21-BW23,0)),IF(AC10="","",IF(BY22<BY23,ROUNDDOWN(O10/BY21-BW22,0),ROUNDDOWN(O10/BY21-BW23,0))))) | BY21: =IF(AC10="","",AC10) | CB21: 평단 | CE21: =IF(Z10="","",IF(CG21>CG23,"",IF(AK19>=0.5,IF(O10>AI23,ROUNDDOWN(AI23/CG21,0),ROUNDDOWN(O10/CG21,0)),IF(AC10="","",IF(CG22<CG23,ROUNDDOWN(O10/CG21,0)-CE22,ROUNDDOWN(O10/CG21,0)-CE23))))) | CG21: =IF(AC10="","",AC10) | CJ21: 평단 | CM21: =IF(Z10="","",IF(CO21>CO23,"",IF(AK19>=0.5,IF(O10>AI23,ROUNDDOWN(AI23/CO21,0),ROUNDDOWN(O10/CO21,0)),IF(AC10="","",IF(CO22<CO23,ROUNDDOWN(O10/CO21,0)-CM22,ROUNDDOWN(O10/CO21,0)-CM23))))) | CO21: =IF(AC10="","",AC10) | CR21: 평단 | CU21: =IF(CW21>CW23,"",IF(AK19<0.5,IF(AC10="","",IF(CW22<CW23,ROUNDDOWN(O10/CW21,0)-CU22,ROUNDDOWN(O10/CW21,0)-CU23)),"")) | CW21: =IF(AC10="","",AC10)
B22: 손익 | E22: =IF(E21="","",E21-E20) | L22: 손익 | O22: =IF(O21="","",O21-O20) | V22: 손익 | Y22: =IF(Y21="","",Y21-Y20) | AF22: 손익 | AI22: =IF(AI21="","",AI21-AI20) | AP22: 손익 | AS22: =IF(AS21="","",AS21-AS20) | BT22: =$J$10 -> 0.1 | BW22: =IF(O10>AI23,IF(BY22<BY23,ROUNDDOWN(AI23/2/BY22,0),""),IF(BY22<BY23,ROUNDDOWN(O10/2/BY22,0),"")) | BY22: =IF(AC10="","",AC10*(1+J10)) | CB22: =$J$10/2 -> 0.05 | CE22: =IF(AK19>=0.5,"",IF(CG22<CG23,ROUNDDOWN(O10/2/CG22,0),"")) | CG22: =IF(AC10="","",AC10*(1+J10/2)) | CJ22: =$J$10/2 -> 0.05 | CM22: =IF(AK19>=0.5,"",IF(CO22<CO23,ROUNDDOWN(O10/2/CO22,0),"")) | CO22: =IF(AC10="","",AC10*(1+J10/2)) | CR22: =IF(AN19="",J10,(J10-AN19*J10/20*(40/M10))) -> 0.1 | CU22: =IF(Z10="","",IF(CW22>CW23,"",IF(AK19<0.5,ROUNDDOWN(O10/2/CW22,0),IF(AI23<O10,ROUNDDOWN(AI23/CW22,0),ROUNDDOWN(O10/CW22,0))))) | CW22: =IF(AC10="","",AC10*(1+CR22))
B23: 남은원금 | E23: =IF(E20="","",G7-E20) | L23: 남은원금 | O23: =IF(O20="","",G8-O20) | V23: 남은원금 | Y23: =IF(Y20="","",G9-Y20) | AF23: 남은원금 | AI23: =IF(AI20="","",G10-AI20) | AP23: 남은원금 | AS23: =IF(AS20="","",G11-AS20) | BT23: 큰수 | BW23: =IF(O10>AI23,IF(BY22>BY23,ROUNDDOWN(AI23/BY23,0),""),IF(BY22>BY23,IF(BY21>BY23,ROUNDDOWN(O10/BY23,0),ROUNDDOWN(O10/2/BY23,0)),"")) | BY23: =IF(AC10="","",AH10*(1+BG16)) | CB23: 큰수 | CE23: =IF(Z10="","",IF(AK19>=0.5,IF(AI23<O10,ROUNDDOWN(AI23/CG23,0)-CE21,ROUNDDOWN(O10/CG23,0)-CE21),IF(CG22>CG23,IF(CG21>CG23,ROUNDDOWN(O10/CG23,0),ROUNDDOWN(O10/2/CG23,0)),""))) | CG23: =IF(AC10="","",AH10*(1+BG16)) | CJ23: 큰수 | CM23: =IF(Z10="","",IF(AK19>=0.5,IF(AI23<O10,ROUNDDOWN(AI23/CO23,0)-CM21,ROUNDDOWN(O10/CO23,0)-CM21),IF(CO22>CO23,IF(CO21>CO23,ROUNDDOWN(O10/CO23,0),ROUNDDOWN(O10/2/CO23,0)),""))) | CO23: =IF(AC10="","",AH10*(1+BG16)) | CR23: 큰수 | CU23: =IF(Z10="","",IF(CW22<CW23,"",IF(AI23<O10,ROUNDDOWN(AI23/CW23,0),IF(CW21>CW23,ROUNDDOWN(O10/CW23,0),ROUNDDOWN(O10/2/CW23,0))))) | CW23: =IF(AC10="","",AH10*(1+BG16))
